sku_id,description,category,unit_cost,velocity_class,reorder_point,reorder_qty,last_cycle_count_date
HVAC-MOT-BLOWER-00000,"Blower Motor, 3/4 HP",Motor,266.7,C,7,12,2025-12-25
HVAC-REF-R448A-00001,"R-448A, 30lb tank",Refrigerant,552.39,C,8,20,2025-12-16
HVAC-CU-ACR-00002,"ACR Copper, 5/8 in. x 50ft",Copper Tubing,90.19,B,24,46,2026-03-18
HVAC-CU-HARD-00003,"Hard Copper Tubing, 3/4 in. x 50ft",Copper Tubing,90.34,C,2,3,2025-12-18
HVAC-CTL-FURNAC-00004,"Furnace Control Board, Heat Pump",Controls,44.56,B,22,48,2026-03-29
HVAC-MOT-BLOWER-00005,"Blower Motor, 1/6 HP",Motor,132.75,B,14,31,2026-02-20
HVAC-CTL-SMART-00006,"Smart Thermostat, 24V",Controls,57.2,B,20,31,2026-04-04
HVAC-REF-R448A-00007,"R-448A, 25lb cylinder",Refrigerant,299.88,C,6,9,2025-12-18
HVAC-CU-HARD-00008,"Hard Copper Tubing, 1-1/8 in. x 50ft",Copper Tubing,85.31,C,13,20,2026-01-11
HVAC-REF-R404A-00009,"R-404A, 12oz can",Refrigerant,170.12,A,45,112,2026-04-11
HVAC-CU-SOFT-00010,"Soft Copper Tubing, 1/2 in. x 50ft",Copper Tubing,123.74,C,2,5,2026-02-13
HVAC-COMP-RECIPR-00011,"Reciprocating Compressor, 3.5 Ton 230V",Compressor,1454.28,B,21,60,2026-02-12
HVAC-REF-R22-00012,"R-22, 25lb cylinder",Refrigerant,240.25,C,7,19,2026-02-16
HVAC-REF-R22-00013,"R-22, 100lb cylinder",Refrigerant,190.16,B,9,20,2026-03-29
HVAC-MOT-ECM-00014,"ECM Motor, 1/6 HP",Motor,246.01,C,6,9,2026-01-27
HVAC-COMP-RECIPR-00015,"Reciprocating Compressor, 2.5 Ton 230V",Compressor,1792.65,B,24,62,2026-02-12
HVAC-CU-LINE-00016,"Line Set, 1-1/8 in. x 50ft",Copper Tubing,77.61,A,43,85,2026-04-12
HVAC-MOT-CONDEN-00017,"Condenser Fan Motor, 1/6 HP",Motor,339.05,C,7,13,2026-01-21
HVAC-CTL-CAPACI-00018,"Capacitor, 30A",Controls,128.86,C,12,20,2026-01-12
HVAC-REF-R404A-00019,"R-404A, 30lb tank",Refrigerant,412.95,C,11,25,2025-12-22
HVAC-CTL-PROGRA-00020,"Programmable Thermostat, Single Stage",Controls,76.53,B,32,49,2026-05-11
HVAC-MOT-BLOWER-00021,"Blower Motor, 1/3 HP",Motor,313.14,C,3,6,2025-12-15
HVAC-CU-LINE-00022,"Line Set, 7/8 in. x 50ft",Copper Tubing,100.74,B,22,40,2026-01-29
HVAC-REF-R448A-00023,"R-448A, 12oz can",Refrigerant,204.58,A,45,78,2026-05-01
HVAC-MSC-LINE-00024,"Line Set Insulation, 3/4 in.",Miscellaneous,84.08,C,9,25,2026-01-24
HVAC-CU-ACR-00025,"ACR Copper, 3/8 in. x 50ft",Copper Tubing,144.81,B,30,85,2026-03-02
HVAC-REF-R448A-00026,"R-448A, 30lb tank",Refrigerant,191.35,B,17,46,2026-03-16
HVAC-REF-R134A-00027,"R-134a, 12oz can",Refrigerant,151.54,B,2,3,2026-02-26
HVAC-CTL-RELAY-00028,"Relay, 24V",Controls,64.05,B,13,29,2026-03-11
HVAC-MOT-INDUCE-00029,"Inducer Motor, 1/3 HP",Motor,255.28,C,4,11,2025-12-06
HVAC-CTL-CAPACI-00030,"Capacitor, 70 MFD",Controls,29.27,B,19,29,2026-03-05
HVAC-CTL-PROGRA-00031,"Programmable Thermostat, Two Stage",Controls,383.09,C,9,16,2026-01-17
HVAC-COMP-RECIPR-00032,"Reciprocating Compressor, 5 Ton 460V",Compressor,1304.0,C,4,7,2025-12-13
HVAC-MSC-SCHRAD-00033,"Schrader Valve Core, 1/2 in.",Miscellaneous,75.53,B,13,31,2026-01-31
HVAC-CU-HARD-00034,"Hard Copper Tubing, 1/2 in. x 50ft",Copper Tubing,150.62,B,37,57,2026-03-31
HVAC-MOT-CONDEN-00035,"Condenser Fan Motor, 1/3 HP",Motor,171.33,C,13,19,2025-12-20
HVAC-CTL-RELAY-00036,"Relay, 70 MFD",Controls,34.35,A,51,129,2026-05-15
HVAC-MOT-BLOWER-00037,"Blower Motor, 3/4 HP",Motor,263.78,A,62,105,2026-04-25
HVAC-CTL-RELAY-00038,"Relay, Single Stage",Controls,50.24,C,6,16,2025-12-21
HVAC-MOT-INDUCE-00039,"Inducer Motor, 1/6 HP",Motor,139.22,B,30,55,2026-01-02
HVAC-CTL-CONTAC-00040,"Contactor, 30A",Controls,91.37,A,65,168,2026-05-15
HVAC-REF-R410A-00041,"R-410A, 100lb cylinder",Refrigerant,157.5,C,9,14,2025-12-11
HVAC-CU-ACR-00042,"ACR Copper, 1/4 in. x 50ft",Copper Tubing,129.12,B,14,34,2026-01-19
HVAC-CU-ACR-00043,"ACR Copper, 3/8 in. x 50ft",Copper Tubing,141.82,A,64,118,2026-05-14
HVAC-REF-R134A-00044,"R-134a, 12oz can",Refrigerant,449.41,C,5,12,2025-12-17
HVAC-CU-LINE-00045,"Line Set, 3/8 in. x 50ft",Copper Tubing,137.35,B,13,26,2026-03-03
HVAC-REF-R407C-00046,"R-407C, 50lb jug",Refrigerant,179.5,C,5,14,2026-01-12
HVAC-CU-SOFT-00047,"Soft Copper Tubing, 1/2 in. x 50ft",Copper Tubing,132.35,A,74,166,2026-04-07
HVAC-MOT-CONDEN-00048,"Condenser Fan Motor, 1/4 HP",Motor,191.63,C,16,30,2025-12-26
HVAC-CU-SOFT-00049,"Soft Copper Tubing, 5/8 in. x 50ft",Copper Tubing,77.08,A,50,88,2026-04-24
HVAC-CU-SOFT-00050,"Soft Copper Tubing, 1-1/8 in. x 50ft",Copper Tubing,100.57,C,10,29,2025-12-30
HVAC-CU-ACR-00051,"ACR Copper, 3/4 in. x 50ft",Copper Tubing,107.86,B,16,33,2026-02-15
HVAC-CU-HARD-00052,"Hard Copper Tubing, 3/8 in. x 50ft",Copper Tubing,91.09,C,10,29,2026-01-05
HVAC-MSC-SCHRAD-00053,"Schrader Valve Core, Standard",Miscellaneous,22.42,B,25,41,2026-01-21
HVAC-MOT-DIRECT-00054,"Direct Drive Motor, 3/4 HP",Motor,218.67,B,10,25,2026-02-26
HVAC-MOT-ECM-00055,"ECM Motor, 1/3 HP",Motor,275.03,C,4,7,2025-12-07
HVAC-REF-R454B-00056,"R-454B, 25lb cylinder",Refrigerant,320.87,A,60,161,2026-04-08
HVAC-CTL-DEFROS-00057,"Defrost Control Board, Two Stage",Controls,385.0,B,30,80,2026-02-10
HVAC-REF-R410A-00058,"R-410A, 12oz can",Refrigerant,221.31,B,26,61,2026-03-26
HVAC-CU-ACR-00059,"ACR Copper, 7/8 in. x 50ft",Copper Tubing,99.95,C,7,16,2026-01-24
HVAC-MSC-DRAIN-00060,"Drain Pan, 1/2 in.",Miscellaneous,72.36,B,7,11,2026-03-18
HVAC-MOT-ECM-00061,"ECM Motor, 1/6 HP",Motor,360.03,C,12,21,2026-01-07
HVAC-MOT-DIRECT-00062,"Direct Drive Motor, 3/4 HP",Motor,161.97,C,8,18,2026-01-09
HVAC-MOT-CONDEN-00063,"Condenser Fan Motor, 1/3 HP",Motor,166.33,A,77,228,2026-03-31
HVAC-CTL-PRESSU-00064,"Pressure Switch, 24V",Controls,28.03,B,21,45,2026-03-23
HVAC-CTL-SMART-00065,"Smart Thermostat, 70 MFD",Controls,132.17,A,34,59,2026-03-10
HVAC-CU-LINE-00066,"Line Set, 1/4 in. x 50ft",Copper Tubing,89.98,B,14,34,2026-01-21
HVAC-REF-R407C-00067,"R-407C, 50lb jug",Refrigerant,304.12,C,9,21,2025-11-30
HVAC-CU-LINE-00068,"Line Set, 3/8 in. x 50ft",Copper Tubing,61.47,A,40,60,2026-03-20
HVAC-CU-HARD-00069,"Hard Copper Tubing, 1/2 in. x 50ft",Copper Tubing,81.72,C,7,11,2025-11-25
HVAC-CU-LINE-00070,"Line Set, 3/4 in. x 50ft",Copper Tubing,42.93,C,4,8,2026-01-17
HVAC-MSC-SCHRAD-00071,"Schrader Valve Core, Standard",Miscellaneous,22.4,C,12,18,2025-12-08
HVAC-CTL-SMART-00072,"Smart Thermostat, Heat Pump",Controls,193.47,B,8,19,2026-02-05
HVAC-CU-HARD-00073,"Hard Copper Tubing, 3/8 in. x 50ft",Copper Tubing,112.22,A,45,107,2026-04-19
HVAC-MOT-ECM-00074,"ECM Motor, 1/6 HP",Motor,223.95,A,63,137,2026-03-12
HVAC-CU-SOFT-00075,"Soft Copper Tubing, 3/4 in. x 50ft",Copper Tubing,67.23,B,25,51,2026-03-05
HVAC-MSC-DRAIN-00076,"Drain Pan, 3/4 in.",Miscellaneous,55.72,C,6,16,2026-01-16
HVAC-COMP-RECIPR-00077,"Reciprocating Compressor, 3.5 Ton 230V",Compressor,1069.63,A,37,94,2026-04-29
HVAC-CU-LINE-00078,"Line Set, 1/2 in. x 50ft",Copper Tubing,178.91,B,22,42,2026-02-14
HVAC-CU-HARD-00079,"Hard Copper Tubing, 7/8 in. x 50ft",Copper Tubing,154.13,C,9,24,2026-01-28
HVAC-MOT-ECM-00080,"ECM Motor, 3/4 HP",Motor,211.47,A,52,104,2026-03-20
HVAC-CU-HARD-00081,"Hard Copper Tubing, 3/8 in. x 50ft",Copper Tubing,85.67,C,12,31,2026-01-21
HVAC-MOT-CONDEN-00082,"Condenser Fan Motor, 1/3 HP",Motor,405.05,C,8,16,2025-12-24
HVAC-CTL-CAPACI-00083,"Capacitor, 70 MFD",Controls,65.25,A,44,128,2026-05-06
HVAC-CU-ACR-00084,"ACR Copper, 1/4 in. x 50ft",Copper Tubing,117.05,C,9,17,2026-01-31
HVAC-CU-HARD-00085,"Hard Copper Tubing, 1/4 in. x 50ft",Copper Tubing,366.67,A,74,194,2026-05-15
HVAC-MSC-NITROG-00086,"Nitrogen Regulator, 1/2 in.",Miscellaneous,69.49,C,10,15,2026-01-11
HVAC-COMP-SCROLL-00087,"Scroll Compressor, 3 Ton 230V",Compressor,916.91,A,8,22,2026-03-07
HVAC-REF-R410A-00088,"R-410A, 25lb cylinder",Refrigerant,183.37,C,6,14,2025-12-31
HVAC-REF-R404A-00089,"R-404A, 12oz can",Refrigerant,201.15,B,16,43,2026-03-01
HVAC-REF-R454B-00090,"R-454B, 30lb tank",Refrigerant,208.26,C,8,21,2026-02-16
HVAC-MOT-INDUCE-00091,"Inducer Motor, 1 HP",Motor,132.91,C,5,8,2025-12-07
HVAC-CTL-PRESSU-00092,"Pressure Switch, 30A",Controls,94.25,A,79,131,2026-03-30
HVAC-CU-LINE-00093,"Line Set, 1/2 in. x 50ft",Copper Tubing,103.55,B,17,37,2026-03-07
HVAC-REF-R22-00094,"R-22, 30lb tank",Refrigerant,292.42,C,5,14,2025-12-29
HVAC-CU-SOFT-00095,"Soft Copper Tubing, 1-1/8 in. x 50ft",Copper Tubing,259.17,C,3,8,2026-02-01
HVAC-MSC-NITROG-00096,"Nitrogen Regulator, Heavy Duty",Miscellaneous,53.74,A,50,147,2026-04-18
HVAC-COMP-ROTARY-00097,"Rotary Compressor, 1.5 Ton 208V",Compressor,959.34,A,95,241,2026-04-10
HVAC-MSC-NITROG-00098,"Nitrogen Regulator, 1/2 in.",Miscellaneous,193.09,C,5,7,2025-12-20
HVAC-CTL-PRESSU-00099,"Pressure Switch, Heat Pump",Controls,87.23,C,7,17,2025-12-17
HVAC-REF-R448A-00100,"R-448A, 12oz can",Refrigerant,182.5,B,15,35,2026-04-29
HVAC-CTL-FURNAC-00101,"Furnace Control Board, Two Stage",Controls,57.79,C,2,5,2026-01-01
HVAC-MOT-BLOWER-00102,"Blower Motor, 3/4 HP",Motor,153.43,B,23,66,2026-04-09
HVAC-COMP-RECIPR-00103,"Reciprocating Compressor, 2.5 Ton 230V",Compressor,3603.43,A,48,130,2026-04-28
HVAC-CU-ACR-00104,"ACR Copper, 3/8 in. x 50ft",Copper Tubing,58.11,B,30,63,2026-03-09
HVAC-MOT-DIRECT-00105,"Direct Drive Motor, 1 HP",Motor,390.24,A,47,131,2026-04-22
HVAC-REF-R134A-00106,"R-134a, 100lb cylinder",Refrigerant,253.08,C,8,17,2026-01-22
HVAC-CU-ACR-00107,"ACR Copper, 5/8 in. x 50ft",Copper Tubing,153.57,C,3,7,2025-12-28
HVAC-COMP-SCROLL-00108,"Scroll Compressor, 1.5 Ton 208V",Compressor,748.97,C,12,27,2026-01-02
HVAC-MSC-NITROG-00109,"Nitrogen Regulator, 1/2 in.",Miscellaneous,29.67,C,8,22,2025-12-03
HVAC-CTL-CAPACI-00110,"Capacitor, 45 MFD",Controls,291.98,C,13,22,2026-01-17
HVAC-CU-ACR-00111,"ACR Copper, 1-1/8 in. x 50ft",Copper Tubing,186.35,C,12,21,2025-12-20
HVAC-COMP-ROTARY-00112,"Rotary Compressor, 2.5 Ton 230V",Compressor,2285.59,C,2,5,2026-02-09
HVAC-REF-R134A-00113,"R-134a, 30lb tank",Refrigerant,132.79,B,21,56,2026-04-30
HVAC-MSC-REFRIG-00114,"Refrigerant Recovery Tank, Heavy Duty",Miscellaneous,135.29,C,3,6,2026-02-22
HVAC-CTL-SMART-00115,"Smart Thermostat, 40A",Controls,75.64,C,7,13,2025-12-31
HVAC-CU-SOFT-00116,"Soft Copper Tubing, 1/2 in. x 50ft",Copper Tubing,65.76,C,10,17,2026-01-01
HVAC-MOT-INDUCE-00117,"Inducer Motor, 1 HP",Motor,151.47,B,25,55,2026-03-14
HVAC-MOT-CONDEN-00118,"Condenser Fan Motor, 1/3 HP",Motor,149.37,A,60,105,2026-05-04
HVAC-REF-R448A-00119,"R-448A, 12oz can",Refrigerant,185.42,C,3,6,2026-01-15
HVAC-CTL-RELAY-00120,"Relay, Two Stage",Controls,273.77,C,8,22,2026-01-28
HVAC-COMP-ROTARY-00121,"Rotary Compressor, 3.5 Ton 230V",Compressor,1466.39,B,26,68,2026-03-22
HVAC-CTL-DEFROS-00122,"Defrost Control Board, 45 MFD",Controls,57.64,A,38,92,2026-04-27
HVAC-COMP-VARIAB-00123,"Variable Speed Compressor, 1.5 Ton 208V",Compressor,624.67,B,14,36,2026-04-30
HVAC-REF-R134A-00124,"R-134a, 50lb jug",Refrigerant,330.81,C,8,13,2025-11-01
HVAC-CU-ACR-00125,"ACR Copper, 1-1/8 in. x 50ft",Copper Tubing,202.87,C,12,22,2026-03-13
HVAC-REF-R404A-00126,"R-404A, 30lb tank",Refrigerant,187.76,C,3,5,2026-01-27
HVAC-MSC-SCHRAD-00127,"Schrader Valve Core, Heavy Duty",Miscellaneous,24.54,C,8,20,2025-12-19
HVAC-CTL-FURNAC-00128,"Furnace Control Board, Single Stage",Controls,77.8,C,12,28,2026-01-09
HVAC-CTL-SMART-00129,"Smart Thermostat, 45 MFD",Controls,48.21,A,41,69,2026-03-12
HVAC-CU-SOFT-00130,"Soft Copper Tubing, 3/4 in. x 50ft",Copper Tubing,76.53,C,3,6,2025-12-18
HVAC-REF-R448A-00131,"R-448A, 100lb cylinder",Refrigerant,694.45,C,8,14,2026-01-07
HVAC-CTL-SMART-00132,"Smart Thermostat, 45 MFD",Controls,53.96,B,16,28,2026-03-21
HVAC-MSC-REFRIG-00133,"Refrigerant Recovery Tank, 1 in.",Miscellaneous,27.76,C,2,5,2025-12-24
HVAC-REF-R404A-00134,"R-404A, 25lb cylinder",Refrigerant,228.24,C,5,8,2026-01-25
HVAC-COMP-SCROLL-00135,"Scroll Compressor, 4 Ton 460V",Compressor,1934.74,C,9,21,2026-01-05
HVAC-REF-R404A-00136,"R-404A, 100lb cylinder",Refrigerant,143.95,C,9,17,2026-01-27
HVAC-CTL-PRESSU-00137,"Pressure Switch, 24V",Controls,110.65,A,55,102,2026-05-15
HVAC-CTL-SMART-00138,"Smart Thermostat, Two Stage",Controls,91.36,A,31,53,2026-04-05
HVAC-REF-R454B-00139,"R-454B, 30lb tank",Refrigerant,144.22,B,42,66,2026-04-16
HVAC-COMP-SCROLL-00140,"Scroll Compressor, 5 Ton 460V",Compressor,929.11,A,42,79,2026-03-26
HVAC-COMP-ROTARY-00141,"Rotary Compressor, 4 Ton 460V",Compressor,1034.29,A,72,172,2026-04-01
HVAC-CU-HARD-00142,"Hard Copper Tubing, 5/8 in. x 50ft",Copper Tubing,48.59,C,5,13,2025-12-27
HVAC-CTL-CONTAC-00143,"Contactor, 40A",Controls,69.4,C,8,14,2026-01-08
HVAC-CU-ACR-00144,"ACR Copper, 3/8 in. x 50ft",Copper Tubing,116.46,C,7,11,2025-12-12
HVAC-CU-HARD-00145,"Hard Copper Tubing, 7/8 in. x 50ft",Copper Tubing,126.61,C,6,10,2025-12-27
HVAC-COMP-RECIPR-00146,"Reciprocating Compressor, 2.5 Ton 230V",Compressor,1603.25,B,16,32,2026-02-27
HVAC-CTL-CONTAC-00147,"Contactor, 40A",Controls,294.86,C,7,19,2025-12-18
HVAC-CU-LINE-00148,"Line Set, 1/4 in. x 50ft",Copper Tubing,53.41,A,29,76,2026-05-15
HVAC-CU-SOFT-00149,"Soft Copper Tubing, 3/4 in. x 50ft",Copper Tubing,94.94,C,2,5,2026-01-10
HVAC-MSC-BRAZIN-00150,"Brazing Rod, 3/4 in.",Miscellaneous,79.46,C,2,3,2026-01-05
HVAC-MOT-ECM-00151,"ECM Motor, 1/6 HP",Motor,305.13,B,21,42,2026-02-20
HVAC-CU-LINE-00152,"Line Set, 3/4 in. x 50ft",Copper Tubing,132.17,B,16,45,2026-02-19
HVAC-COMP-SCROLL-00153,"Scroll Compressor, 1.5 Ton 208V",Compressor,4738.57,C,6,11,2025-12-31
HVAC-REF-R134A-00154,"R-134a, 25lb cylinder",Refrigerant,376.65,B,13,34,2026-03-05
HVAC-CU-LINE-00155,"Line Set, 1-1/8 in. x 50ft",Copper Tubing,89.88,C,6,16,2025-12-21
HVAC-CU-SOFT-00156,"Soft Copper Tubing, 3/8 in. x 50ft",Copper Tubing,98.47,C,4,7,2026-01-22
HVAC-MOT-PSC-00157,"PSC Motor, 1 HP",Motor,252.12,B,27,66,2026-02-10
HVAC-CU-ACR-00158,"ACR Copper, 7/8 in. x 50ft",Copper Tubing,137.4,C,14,24,2026-01-30
HVAC-CU-LINE-00159,"Line Set, 7/8 in. x 50ft",Copper Tubing,67.08,C,8,16,2025-12-21
HVAC-REF-R404A-00160,"R-404A, 12oz can",Refrigerant,344.01,C,7,15,2026-01-04
HVAC-MOT-PSC-00161,"PSC Motor, 1/2 HP",Motor,143.37,A,45,126,2026-04-19
HVAC-CU-HARD-00162,"Hard Copper Tubing, 7/8 in. x 50ft",Copper Tubing,117.77,C,10,25,2025-12-29
HVAC-MSC-REFRIG-00163,"Refrigerant Recovery Tank, Standard",Miscellaneous,53.74,C,8,19,2026-02-08
HVAC-CTL-DEFROS-00164,"Defrost Control Board, Two Stage",Controls,213.83,C,6,17,2026-02-04
HVAC-REF-R404A-00165,"R-404A, 100lb cylinder",Refrigerant,239.23,A,100,209,2026-04-07
HVAC-CU-ACR-00166,"ACR Copper, 3/8 in. x 50ft",Copper Tubing,103.64,A,41,94,2026-05-15
HVAC-MOT-ECM-00167,"ECM Motor, 1 HP",Motor,125.3,B,18,36,2026-02-19
HVAC-CU-HARD-00168,"Hard Copper Tubing, 3/8 in. x 50ft",Copper Tubing,95.61,B,33,56,2026-03-13
HVAC-REF-R410A-00169,"R-410A, 25lb cylinder",Refrigerant,149.99,C,7,14,2026-02-12
HVAC-MSC-LINE-00170,"Line Set Insulation, 3/4 in.",Miscellaneous,40.45,B,25,37,2026-01-19
HVAC-MOT-DIRECT-00171,"Direct Drive Motor, 1/2 HP",Motor,367.37,C,4,11,2025-12-29
HVAC-COMP-VARIAB-00172,"Variable Speed Compressor, 2 Ton 208V",Compressor,1174.88,C,4,6,2025-11-07
HVAC-CTL-SMART-00173,"Smart Thermostat, Single Stage",Controls,80.97,A,34,96,2026-04-04
HVAC-CTL-RELAY-00174,"Relay, 45 MFD",Controls,56.28,C,6,14,2026-01-11
HVAC-REF-R404A-00175,"R-404A, 30lb tank",Refrigerant,202.67,C,12,25,2026-03-18
HVAC-REF-R454B-00176,"R-454B, 12oz can",Refrigerant,471.79,A,8,22,2026-04-29
HVAC-CU-ACR-00177,"ACR Copper, 3/4 in. x 50ft",Copper Tubing,94.11,C,7,13,2025-12-28
HVAC-CU-ACR-00178,"ACR Copper, 5/8 in. x 50ft",Copper Tubing,70.24,C,13,20,2025-12-18
HVAC-COMP-RECIPR-00179,"Reciprocating Compressor, 2 Ton 208V",Compressor,2580.93,C,5,12,2026-01-29
HVAC-CTL-DEFROS-00180,"Defrost Control Board, 40A",Controls,57.83,C,9,14,2026-02-10
HVAC-MOT-INDUCE-00181,"Inducer Motor, 1/6 HP",Motor,296.4,A,66,183,2026-05-14
HVAC-MSC-NITROG-00182,"Nitrogen Regulator, 3/4 in.",Miscellaneous,37.36,A,73,141,2026-05-15
HVAC-REF-R407C-00183,"R-407C, 12oz can",Refrigerant,337.4,C,2,5,2025-11-27
HVAC-CU-LINE-00184,"Line Set, 1/4 in. x 50ft",Copper Tubing,88.17,B,28,66,2026-03-24
HVAC-CU-SOFT-00185,"Soft Copper Tubing, 3/4 in. x 50ft",Copper Tubing,63.6,C,10,21,2026-02-15
HVAC-CTL-PRESSU-00186,"Pressure Switch, 30A",Controls,27.41,C,13,34,2026-01-05
HVAC-CU-SOFT-00187,"Soft Copper Tubing, 3/4 in. x 50ft",Copper Tubing,106.65,A,69,186,2026-04-21
HVAC-REF-R448A-00188,"R-448A, 25lb cylinder",Refrigerant,217.11,C,7,17,2026-01-03
HVAC-CU-HARD-00189,"Hard Copper Tubing, 7/8 in. x 50ft",Copper Tubing,58.16,B,15,41,2026-03-17
HVAC-CU-LINE-00190,"Line Set, 5/8 in. x 50ft",Copper Tubing,112.66,A,56,85,2026-05-04
HVAC-CU-SOFT-00191,"Soft Copper Tubing, 3/4 in. x 50ft",Copper Tubing,79.46,C,2,4,2025-12-28
HVAC-CU-SOFT-00192,"Soft Copper Tubing, 3/8 in. x 50ft",Copper Tubing,192.57,C,9,21,2026-01-04
HVAC-MSC-NITROG-00193,"Nitrogen Regulator, 1/2 in.",Miscellaneous,87.9,A,29,83,2026-04-08
HVAC-CU-LINE-00194,"Line Set, 3/4 in. x 50ft",Copper Tubing,56.13,B,9,15,2026-03-22
HVAC-CTL-PROGRA-00195,"Programmable Thermostat, 30A",Controls,79.39,B,17,40,2026-03-02
HVAC-MOT-INDUCE-00196,"Inducer Motor, 1/6 HP",Motor,168.64,B,8,20,2026-03-30
HVAC-REF-R448A-00197,"R-448A, 12oz can",Refrigerant,156.14,C,9,19,2026-02-23
HVAC-MSC-NITROG-00198,"Nitrogen Regulator, Heavy Duty",Miscellaneous,63.85,B,21,32,2026-03-28
HVAC-CTL-CAPACI-00199,"Capacitor, 40A",Controls,120.03,B,24,37,2026-04-13
HVAC-MSC-SCHRAD-00200,"Schrader Valve Core, 1 in.",Miscellaneous,245.0,A,48,79,2026-03-23
HVAC-MSC-SIGHT-00201,"Sight Glass, 3/4 in.",Miscellaneous,30.47,C,8,17,2026-01-19
HVAC-CTL-PROGRA-00202,"Programmable Thermostat, Heat Pump",Controls,54.66,C,13,35,2025-12-24
HVAC-REF-R407C-00203,"R-407C, 25lb cylinder",Refrigerant,201.24,B,11,26,2026-02-11
HVAC-COMP-VARIAB-00204,"Variable Speed Compressor, 3.5 Ton 230V",Compressor,975.96,C,7,12,2026-01-12
HVAC-CU-HARD-00205,"Hard Copper Tubing, 3/4 in. x 50ft",Copper Tubing,153.38,A,71,184,2026-04-18
HVAC-CU-SOFT-00206,"Soft Copper Tubing, 7/8 in. x 50ft",Copper Tubing,148.45,C,11,20,2025-12-21
HVAC-REF-R407C-00207,"R-407C, 30lb tank",Refrigerant,312.21,B,7,20,2026-03-08
HVAC-CU-SOFT-00208,"Soft Copper Tubing, 1/2 in. x 50ft",Copper Tubing,138.57,B,21,60,2026-02-28
HVAC-MSC-NITROG-00209,"Nitrogen Regulator, 1/2 in.",Miscellaneous,22.05,B,23,68,2026-03-12
HVAC-CU-HARD-00210,"Hard Copper Tubing, 3/4 in. x 50ft",Copper Tubing,109.57,A,63,124,2026-04-20
HVAC-CTL-SMART-00211,"Smart Thermostat, Heat Pump",Controls,79.56,C,3,5,2025-12-29
HVAC-COMP-RECIPR-00212,"Reciprocating Compressor, 2 Ton 208V",Compressor,1472.21,C,6,9,2025-12-10
HVAC-CU-LINE-00213,"Line Set, 1/2 in. x 50ft",Copper Tubing,75.99,C,9,24,2026-02-28
HVAC-MSC-SIGHT-00214,"Sight Glass, 1/2 in.",Miscellaneous,90.8,C,3,5,2026-01-04
HVAC-MSC-DRAIN-00215,"Drain Pan, Heavy Duty",Miscellaneous,82.67,C,10,26,2026-01-09
HVAC-MOT-BLOWER-00216,"Blower Motor, 3/4 HP",Motor,174.35,B,31,87,2026-01-08
HVAC-CTL-DEFROS-00217,"Defrost Control Board, 45 MFD",Controls,63.33,B,6,15,2026-04-19
HVAC-REF-R134A-00218,"R-134a, 50lb jug",Refrigerant,212.37,B,17,33,2026-04-09
HVAC-CU-LINE-00219,"Line Set, 1-1/8 in. x 50ft",Copper Tubing,75.3,C,2,5,2026-02-10
HVAC-MSC-FILTER-00220,"Filter Drier, Standard",Miscellaneous,87.99,B,18,43,2026-03-08
HVAC-MOT-BLOWER-00221,"Blower Motor, 3/4 HP",Motor,290.82,A,73,165,2026-03-11
HVAC-COMP-SCROLL-00222,"Scroll Compressor, 2.5 Ton 230V",Compressor,1009.93,B,15,40,2026-03-22
HVAC-CTL-SMART-00223,"Smart Thermostat, Single Stage",Controls,56.85,C,6,17,2026-01-15
HVAC-REF-R454B-00224,"R-454B, 12oz can",Refrigerant,520.72,C,6,16,2026-01-31
HVAC-MOT-PSC-00225,"PSC Motor, 1/2 HP",Motor,263.51,A,35,80,2026-05-08
HVAC-COMP-ROTARY-00226,"Rotary Compressor, 4 Ton 460V",Compressor,3034.99,C,13,36,2026-01-26
HVAC-CTL-PRESSU-00227,"Pressure Switch, Single Stage",Controls,62.44,C,9,20,2025-12-14
HVAC-REF-R22-00228,"R-22, 30lb tank",Refrigerant,234.15,C,5,12,2026-02-14
HVAC-MSC-SCHRAD-00229,"Schrader Valve Core, 1/2 in.",Miscellaneous,29.98,A,33,60,2026-04-21
HVAC-REF-R407C-00230,"R-407C, 25lb cylinder",Refrigerant,204.63,B,21,46,2026-03-07
HVAC-REF-R410A-00231,"R-410A, 50lb jug",Refrigerant,456.88,B,29,58,2026-02-26
HVAC-MOT-PSC-00232,"PSC Motor, 1/2 HP",Motor,291.84,C,13,35,2025-12-27
HVAC-MOT-PSC-00233,"PSC Motor, 1/3 HP",Motor,184.8,B,27,75,2026-02-24
HVAC-CU-ACR-00234,"ACR Copper, 7/8 in. x 50ft",Copper Tubing,171.16,C,9,21,2025-12-15
HVAC-REF-R22-00235,"R-22, 12oz can",Refrigerant,452.07,A,37,104,2026-04-08
HVAC-CTL-RELAY-00236,"Relay, 45 MFD",Controls,70.86,B,21,36,2026-02-04
HVAC-CU-LINE-00237,"Line Set, 3/8 in. x 50ft",Copper Tubing,78.28,C,9,20,2025-12-31
HVAC-MOT-INDUCE-00238,"Inducer Motor, 1/2 HP",Motor,231.7,B,20,49,2026-04-09
HVAC-MOT-CONDEN-00239,"Condenser Fan Motor, 1/3 HP",Motor,301.37,C,12,19,2026-01-05
HVAC-CU-ACR-00240,"ACR Copper, 5/8 in. x 50ft",Copper Tubing,126.29,B,32,78,2026-03-09
HVAC-MOT-DIRECT-00241,"Direct Drive Motor, 1/3 HP",Motor,241.01,C,8,12,2025-12-31
HVAC-COMP-SCROLL-00242,"Scroll Compressor, 1.5 Ton 208V",Compressor,2305.23,B,11,22,2026-03-03
HVAC-MSC-SCHRAD-00243,"Schrader Valve Core, Standard",Miscellaneous,30.52,C,6,16,2026-01-07
HVAC-CU-LINE-00244,"Line Set, 1/2 in. x 50ft",Copper Tubing,86.84,A,57,143,2026-03-12
HVAC-CTL-CONTAC-00245,"Contactor, Heat Pump",Controls,75.19,C,2,5,2026-01-21
HVAC-CU-SOFT-00246,"Soft Copper Tubing, 1/2 in. x 50ft",Copper Tubing,62.82,C,2,5,2025-12-30
HVAC-CU-ACR-00247,"ACR Copper, 5/8 in. x 50ft",Copper Tubing,88.95,B,28,53,2026-02-02
HVAC-MOT-DIRECT-00248,"Direct Drive Motor, 1 HP",Motor,287.3,A,48,100,2026-03-05
HVAC-CU-HARD-00249,"Hard Copper Tubing, 7/8 in. x 50ft",Copper Tubing,71.25,B,27,49,2026-03-12
HVAC-CU-HARD-00250,"Hard Copper Tubing, 3/4 in. x 50ft",Copper Tubing,66.93,B,31,91,2026-03-09
HVAC-CTL-CAPACI-00251,"Capacitor, Single Stage",Controls,156.65,B,22,58,2026-03-12
HVAC-REF-R134A-00252,"R-134a, 30lb tank",Refrigerant,329.69,C,9,15,2025-12-25
HVAC-COMP-SCROLL-00253,"Scroll Compressor, 4 Ton 460V",Compressor,2668.6,C,11,24,2025-12-29
HVAC-MSC-LINE-00254,"Line Set Insulation, 1/2 in.",Miscellaneous,30.95,C,13,20,2026-01-12
HVAC-MSC-LINE-00255,"Line Set Insulation, Standard",Miscellaneous,20.3,A,18,48,2026-04-06
HVAC-REF-R32-00256,"R-32, 30lb tank",Refrigerant,210.25,C,2,4,2026-01-22
HVAC-CU-SOFT-00257,"Soft Copper Tubing, 7/8 in. x 50ft",Copper Tubing,49.05,C,11,30,2026-02-07
HVAC-CU-ACR-00258,"ACR Copper, 1/2 in. x 50ft",Copper Tubing,73.96,C,7,16,2026-01-11
HVAC-MSC-FILTER-00259,"Filter Drier, 1 in.",Miscellaneous,23.52,A,60,90,2026-03-07
HVAC-CTL-CONTAC-00260,"Contactor, Two Stage",Controls,88.56,C,2,3,2026-01-17
HVAC-CTL-PROGRA-00261,"Programmable Thermostat, 24V",Controls,53.05,B,18,30,2026-03-25
HVAC-CU-SOFT-00262,"Soft Copper Tubing, 1/4 in. x 50ft",Copper Tubing,304.84,B,25,43,2026-03-21
HVAC-REF-R22-00263,"R-22, 30lb tank",Refrigerant,330.15,A,55,140,2026-05-10
HVAC-CTL-SMART-00264,"Smart Thermostat, 120V",Controls,80.99,C,5,12,2025-12-24
HVAC-CTL-SMART-00265,"Smart Thermostat, Single Stage",Controls,99.15,C,6,16,2025-12-14
HVAC-MOT-PSC-00266,"PSC Motor, 1 HP",Motor,407.73,A,53,121,2026-02-28
HVAC-MSC-REFRIG-00267,"Refrigerant Recovery Tank, 1/2 in.",Miscellaneous,30.72,C,6,9,2026-01-05
HVAC-MOT-DIRECT-00268,"Direct Drive Motor, 1/4 HP",Motor,166.34,C,6,17,2026-01-19
HVAC-REF-R407C-00269,"R-407C, 100lb cylinder",Refrigerant,306.95,C,4,10,2026-01-24
HVAC-CTL-PRESSU-00270,"Pressure Switch, 120V",Controls,77.05,C,14,25,2025-11-28
HVAC-CU-ACR-00271,"ACR Copper, 1/2 in. x 50ft",Copper Tubing,139.05,B,10,25,2026-02-20
HVAC-MOT-PSC-00272,"PSC Motor, 1 HP",Motor,192.18,C,2,5,2026-01-01
HVAC-MSC-SCHRAD-00273,"Schrader Valve Core, 1 in.",Miscellaneous,70.55,A,12,24,2026-05-13
HVAC-REF-R454B-00274,"R-454B, 25lb cylinder",Refrigerant,279.3,A,70,156,2026-03-09
HVAC-REF-R407C-00275,"R-407C, 25lb cylinder",Refrigerant,209.23,A,17,40,2026-05-05
HVAC-REF-R404A-00276,"R-404A, 12oz can",Refrigerant,537.75,C,12,30,2026-01-26
HVAC-MOT-ECM-00277,"ECM Motor, 1/6 HP",Motor,254.3,A,56,125,2026-04-28
HVAC-CU-LINE-00278,"Line Set, 1-1/8 in. x 50ft",Copper Tubing,147.17,C,6,12,2025-12-22
HVAC-MOT-ECM-00279,"ECM Motor, 1/4 HP",Motor,102.47,B,10,20,2026-02-27
HVAC-CTL-PRESSU-00280,"Pressure Switch, 120V",Controls,38.73,C,11,32,2026-01-22
HVAC-CU-ACR-00281,"ACR Copper, 3/8 in. x 50ft",Copper Tubing,132.71,B,7,11,2026-03-13
HVAC-MOT-INDUCE-00282,"Inducer Motor, 1/2 HP",Motor,220.42,B,9,19,2026-02-10
HVAC-CU-HARD-00283,"Hard Copper Tubing, 7/8 in. x 50ft",Copper Tubing,89.26,B,25,64,2026-04-10
HVAC-COMP-VARIAB-00284,"Variable Speed Compressor, 1.5 Ton 208V",Compressor,1135.51,C,6,16,2026-01-19
HVAC-MSC-REFRIG-00285,"Refrigerant Recovery Tank, Heavy Duty",Miscellaneous,183.29,C,9,25,2025-12-09
HVAC-CTL-RELAY-00286,"Relay, Two Stage",Controls,67.19,C,7,16,2026-01-12
HVAC-REF-R32-00287,"R-32, 12oz can",Refrigerant,248.45,B,18,52,2026-04-01
HVAC-CU-LINE-00288,"Line Set, 1/4 in. x 50ft",Copper Tubing,116.01,B,4,8,2026-02-12
HVAC-CU-SOFT-00289,"Soft Copper Tubing, 1/4 in. x 50ft",Copper Tubing,132.71,A,7,17,2026-02-06
HVAC-REF-R32-00290,"R-32, 30lb tank",Refrigerant,437.12,B,11,32,2026-02-19
HVAC-CTL-CONTAC-00291,"Contactor, 45 MFD",Controls,43.65,C,8,17,2026-01-27
HVAC-MOT-CONDEN-00292,"Condenser Fan Motor, 1/2 HP",Motor,197.3,C,8,23,2025-12-20
HVAC-CU-HARD-00293,"Hard Copper Tubing, 7/8 in. x 50ft",Copper Tubing,143.47,A,49,118,2026-03-01
HVAC-CTL-PROGRA-00294,"Programmable Thermostat, 24V",Controls,88.17,A,71,129,2026-03-24
HVAC-MOT-DIRECT-00295,"Direct Drive Motor, 1/2 HP",Motor,379.58,B,11,27,2026-01-25
HVAC-CU-LINE-00296,"Line Set, 3/8 in. x 50ft",Copper Tubing,129.76,B,13,36,2026-03-08
HVAC-REF-R134A-00297,"R-134a, 12oz can",Refrigerant,293.26,C,9,23,2025-12-06
HVAC-REF-R410A-00298,"R-410A, 30lb tank",Refrigerant,227.76,C,11,29,2025-12-12
HVAC-CTL-PRESSU-00299,"Pressure Switch, 45 MFD",Controls,40.02,B,25,53,2026-02-19
HVAC-MSC-BRAZIN-00300,"Brazing Rod, Standard",Miscellaneous,42.51,B,21,41,2026-03-11
HVAC-COMP-SCROLL-00301,"Scroll Compressor, 3.5 Ton 230V",Compressor,1334.59,B,9,22,2026-04-17
HVAC-CTL-FURNAC-00302,"Furnace Control Board, 24V",Controls,45.06,A,6,11,2026-05-06
HVAC-MOT-PSC-00303,"PSC Motor, 1 HP",Motor,135.83,A,53,132,2026-05-08
HVAC-REF-R448A-00304,"R-448A, 25lb cylinder",Refrigerant,192.29,C,15,34,2025-12-17
HVAC-REF-R134A-00305,"R-134a, 100lb cylinder",Refrigerant,220.47,C,6,12,2026-01-11
HVAC-CU-LINE-00306,"Line Set, 5/8 in. x 50ft",Copper Tubing,63.98,C,2,4,2025-12-16
HVAC-CTL-PROGRA-00307,"Programmable Thermostat, 120V",Controls,377.04,A,63,162,2026-04-06
HVAC-CTL-CAPACI-00308,"Capacitor, 70 MFD",Controls,124.55,C,8,12,2026-01-08
HVAC-CTL-CAPACI-00309,"Capacitor, 120V",Controls,75.33,B,18,29,2026-02-21
HVAC-CTL-PRESSU-00310,"Pressure Switch, Heat Pump",Controls,32.23,A,48,129,2026-05-15
HVAC-CU-HARD-00311,"Hard Copper Tubing, 3/8 in. x 50ft",Copper Tubing,70.41,B,4,9,2026-02-25
HVAC-CU-SOFT-00312,"Soft Copper Tubing, 5/8 in. x 50ft",Copper Tubing,73.35,B,27,47,2026-03-31
HVAC-REF-R22-00313,"R-22, 100lb cylinder",Refrigerant,229.58,C,4,9,2025-12-28
HVAC-CTL-RELAY-00314,"Relay, 120V",Controls,55.43,C,9,26,2026-02-19
HVAC-CTL-CAPACI-00315,"Capacitor, 45 MFD",Controls,102.06,B,31,72,2026-03-08
HVAC-CU-SOFT-00316,"Soft Copper Tubing, 7/8 in. x 50ft",Copper Tubing,118.69,C,6,16,2026-01-07
HVAC-MOT-PSC-00317,"PSC Motor, 1 HP",Motor,272.72,A,44,79,2026-04-10
HVAC-REF-R22-00318,"R-22, 50lb jug",Refrigerant,154.0,B,33,88,2026-04-07
HVAC-MSC-LINE-00319,"Line Set Insulation, 3/4 in.",Miscellaneous,30.65,B,26,55,2026-03-21
HVAC-CTL-PROGRA-00320,"Programmable Thermostat, Two Stage",Controls,53.29,C,8,19,2026-01-31
HVAC-MSC-NITROG-00321,"Nitrogen Regulator, Standard",Miscellaneous,192.04,B,24,67,2026-03-25
HVAC-CTL-SMART-00322,"Smart Thermostat, 70 MFD",Controls,70.12,B,18,43,2026-03-05
HVAC-CTL-CONTAC-00323,"Contactor, 45 MFD",Controls,71.7,C,3,6,2026-01-04
HVAC-REF-R448A-00324,"R-448A, 25lb cylinder",Refrigerant,243.06,A,101,216,2026-05-11
HVAC-CTL-PROGRA-00325,"Programmable Thermostat, 30A",Controls,220.42,A,69,206,2026-03-24
HVAC-CU-SOFT-00326,"Soft Copper Tubing, 1/2 in. x 50ft",Copper Tubing,149.18,C,13,21,2026-01-20
HVAC-MSC-LINE-00327,"Line Set Insulation, Standard",Miscellaneous,41.13,C,4,8,2026-01-28
HVAC-CTL-SMART-00328,"Smart Thermostat, Two Stage",Controls,79.76,A,34,95,2026-04-15
HVAC-CTL-PRESSU-00329,"Pressure Switch, 70 MFD",Controls,34.27,C,9,17,2025-11-19
HVAC-CTL-DEFROS-00330,"Defrost Control Board, Two Stage",Controls,168.26,B,10,21,2026-01-24
HVAC-CU-SOFT-00331,"Soft Copper Tubing, 1/4 in. x 50ft",Copper Tubing,137.8,C,8,23,2026-01-28
HVAC-CTL-DEFROS-00332,"Defrost Control Board, 45 MFD",Controls,108.48,C,5,8,2026-01-06
HVAC-REF-R410A-00333,"R-410A, 12oz can",Refrigerant,153.55,C,13,26,2026-01-18
HVAC-CTL-PROGRA-00334,"Programmable Thermostat, Two Stage",Controls,154.04,B,24,71,2026-04-03
HVAC-CTL-DEFROS-00335,"Defrost Control Board, 24V",Controls,65.02,C,8,22,2025-12-22
HVAC-CU-HARD-00336,"Hard Copper Tubing, 7/8 in. x 50ft",Copper Tubing,423.77,A,57,96,2026-04-16
HVAC-CTL-PROGRA-00337,"Programmable Thermostat, Heat Pump",Controls,65.29,A,60,153,2026-04-06
HVAC-COMP-SCROLL-00338,"Scroll Compressor, 3 Ton 230V",Compressor,954.73,C,3,6,2026-02-25
HVAC-CU-HARD-00339,"Hard Copper Tubing, 1-1/8 in. x 50ft",Copper Tubing,144.41,B,37,84,2026-04-04
HVAC-CTL-SMART-00340,"Smart Thermostat, 120V",Controls,77.89,A,66,136,2026-04-18
HVAC-CU-SOFT-00341,"Soft Copper Tubing, 5/8 in. x 50ft",Copper Tubing,106.54,C,9,17,2025-12-27
HVAC-REF-R22-00342,"R-22, 25lb cylinder",Refrigerant,234.35,C,5,10,2025-12-28
HVAC-REF-R22-00343,"R-22, 12oz can",Refrigerant,178.97,B,20,54,2026-03-02
HVAC-CU-LINE-00344,"Line Set, 1-1/8 in. x 50ft",Copper Tubing,110.34,A,66,116,2026-03-17
HVAC-CTL-RELAY-00345,"Relay, 30A",Controls,109.77,B,2,3,2026-03-05
HVAC-MSC-DRAIN-00346,"Drain Pan, Heavy Duty",Miscellaneous,32.2,A,46,135,2026-04-19
HVAC-CU-HARD-00347,"Hard Copper Tubing, 1/2 in. x 50ft",Copper Tubing,146.08,C,2,4,2026-01-27
HVAC-MOT-BLOWER-00348,"Blower Motor, 1/6 HP",Motor,151.49,C,7,17,2026-02-10
HVAC-CU-HARD-00349,"Hard Copper Tubing, 1/2 in. x 50ft",Copper Tubing,151.68,B,12,19,2026-02-24
HVAC-MSC-DRAIN-00350,"Drain Pan, 1/2 in.",Miscellaneous,40.88,A,79,235,2026-04-17
HVAC-COMP-RECIPR-00351,"Reciprocating Compressor, 2 Ton 208V",Compressor,1141.09,C,6,10,2026-01-21
HVAC-MSC-BRAZIN-00352,"Brazing Rod, 3/4 in.",Miscellaneous,32.12,A,43,97,2026-04-30
HVAC-REF-R134A-00353,"R-134a, 30lb tank",Refrigerant,272.45,B,7,17,2026-02-12
HVAC-MSC-REFRIG-00354,"Refrigerant Recovery Tank, Standard",Miscellaneous,11.97,A,68,139,2026-05-15
HVAC-REF-R22-00355,"R-22, 30lb tank",Refrigerant,229.57,B,29,75,2026-03-14
HVAC-MSC-LINE-00356,"Line Set Insulation, 3/4 in.",Miscellaneous,32.83,C,2,4,2026-01-24
HVAC-CU-SOFT-00357,"Soft Copper Tubing, 1-1/8 in. x 50ft",Copper Tubing,135.86,A,30,69,2026-04-21
HVAC-REF-R404A-00358,"R-404A, 50lb jug",Refrigerant,458.95,C,7,12,2026-01-11
HVAC-CU-SOFT-00359,"Soft Copper Tubing, 5/8 in. x 50ft",Copper Tubing,74.89,B,29,64,2026-03-28
HVAC-CTL-SMART-00360,"Smart Thermostat, 24V",Controls,37.33,B,7,19,2026-01-29
HVAC-CU-SOFT-00361,"Soft Copper Tubing, 3/8 in. x 50ft",Copper Tubing,101.22,B,29,62,2026-04-04
HVAC-MOT-CONDEN-00362,"Condenser Fan Motor, 1 HP",Motor,291.27,C,6,14,2025-11-18
HVAC-COMP-RECIPR-00363,"Reciprocating Compressor, 3 Ton 230V",Compressor,1022.62,A,55,133,2026-04-01
HVAC-CU-ACR-00364,"ACR Copper, 7/8 in. x 50ft",Copper Tubing,113.4,B,13,29,2026-02-23
HVAC-MOT-BLOWER-00365,"Blower Motor, 1/4 HP",Motor,164.86,A,45,73,2026-04-18
HVAC-CU-HARD-00366,"Hard Copper Tubing, 7/8 in. x 50ft",Copper Tubing,94.37,A,53,107,2026-05-15
HVAC-CTL-CONTAC-00367,"Contactor, 70 MFD",Controls,45.52,C,10,17,2025-12-13
HVAC-REF-R448A-00368,"R-448A, 12oz can",Refrigerant,456.2,C,10,24,2025-12-17
HVAC-MSC-FILTER-00369,"Filter Drier, 3/4 in.",Miscellaneous,29.53,C,3,5,2026-01-23
HVAC-COMP-SCROLL-00370,"Scroll Compressor, 3.5 Ton 230V",Compressor,2667.11,C,9,14,2025-12-30
HVAC-CTL-DEFROS-00371,"Defrost Control Board, 45 MFD",Controls,313.17,C,12,31,2025-11-27
HVAC-CTL-SMART-00372,"Smart Thermostat, Heat Pump",Controls,108.45,C,11,31,2026-01-20
HVAC-MOT-ECM-00373,"ECM Motor, 1/2 HP",Motor,156.32,C,6,12,2026-02-12
HVAC-CU-SOFT-00374,"Soft Copper Tubing, 3/4 in. x 50ft",Copper Tubing,358.37,B,11,31,2026-03-12
HVAC-REF-R22-00375,"R-22, 50lb jug",Refrigerant,224.76,C,3,8,2025-12-19
HVAC-MOT-CONDEN-00376,"Condenser Fan Motor, 3/4 HP",Motor,199.17,B,22,60,2026-03-13
HVAC-CU-SOFT-00377,"Soft Copper Tubing, 3/4 in. x 50ft",Copper Tubing,271.18,C,10,24,2025-12-23
HVAC-CU-LINE-00378,"Line Set, 1-1/8 in. x 50ft",Copper Tubing,122.02,C,3,8,2026-01-01
HVAC-CTL-FURNAC-00379,"Furnace Control Board, 45 MFD",Controls,53.94,B,20,55,2026-04-13
HVAC-CTL-FURNAC-00380,"Furnace Control Board, Heat Pump",Controls,94.13,A,84,163,2026-04-14
HVAC-CU-SOFT-00381,"Soft Copper Tubing, 3/8 in. x 50ft",Copper Tubing,425.0,B,34,95,2026-02-19
HVAC-CU-SOFT-00382,"Soft Copper Tubing, 1-1/8 in. x 50ft",Copper Tubing,224.1,B,25,37,2026-03-10
HVAC-CU-HARD-00383,"Hard Copper Tubing, 7/8 in. x 50ft",Copper Tubing,67.54,C,10,29,2026-02-03
HVAC-CU-ACR-00384,"ACR Copper, 5/8 in. x 50ft",Copper Tubing,101.23,C,5,11,2026-01-25
HVAC-CU-HARD-00385,"Hard Copper Tubing, 3/8 in. x 50ft",Copper Tubing,150.75,A,64,114,2026-03-15
HVAC-REF-R410A-00386,"R-410A, 25lb cylinder",Refrigerant,458.97,C,6,15,2026-01-14
HVAC-CU-LINE-00387,"Line Set, 1/2 in. x 50ft",Copper Tubing,112.46,C,3,5,2026-02-07
HVAC-MSC-FILTER-00388,"Filter Drier, Standard",Miscellaneous,74.09,C,6,16,2025-11-28
HVAC-MOT-ECM-00389,"ECM Motor, 1/3 HP",Motor,182.02,C,2,4,2025-12-05
HVAC-MSC-NITROG-00390,"Nitrogen Regulator, 1/2 in.",Miscellaneous,19.32,C,12,29,2026-01-24
HVAC-MOT-CONDEN-00391,"Condenser Fan Motor, 1 HP",Motor,685.0,A,52,121,2026-05-08
HVAC-CU-SOFT-00392,"Soft Copper Tubing, 3/4 in. x 50ft",Copper Tubing,359.58,C,11,20,2025-12-16
HVAC-COMP-ROTARY-00393,"Rotary Compressor, 2 Ton 208V",Compressor,1774.77,B,19,30,2026-02-02
HVAC-REF-R410A-00394,"R-410A, 12oz can",Refrigerant,234.81,C,6,16,2025-12-24
HVAC-CU-SOFT-00395,"Soft Copper Tubing, 1/4 in. x 50ft",Copper Tubing,184.63,C,2,3,2025-12-21
HVAC-CU-HARD-00396,"Hard Copper Tubing, 7/8 in. x 50ft",Copper Tubing,81.42,A,12,28,2026-04-23
HVAC-MOT-PSC-00397,"PSC Motor, 3/4 HP",Motor,202.85,C,8,17,2025-12-27
HVAC-MOT-INDUCE-00398,"Inducer Motor, 1/3 HP",Motor,386.68,B,24,66,2026-03-12
HVAC-COMP-VARIAB-00399,"Variable Speed Compressor, 2 Ton 208V",Compressor,897.03,C,11,26,2026-02-28
HVAC-CU-LINE-00400,"Line Set, 3/8 in. x 50ft",Copper Tubing,89.45,C,4,7,2026-01-07
HVAC-CU-SOFT-00401,"Soft Copper Tubing, 1/2 in. x 50ft",Copper Tubing,57.23,B,28,77,2026-03-11
HVAC-COMP-ROTARY-00402,"Rotary Compressor, 1.5 Ton 208V",Compressor,1703.56,C,6,10,2026-02-09
HVAC-MSC-FILTER-00403,"Filter Drier, Standard",Miscellaneous,10.58,C,8,17,2026-01-20
HVAC-CTL-FURNAC-00404,"Furnace Control Board, 40A",Controls,223.68,A,40,96,2026-05-06
HVAC-REF-R22-00405,"R-22, 25lb cylinder",Refrigerant,313.67,C,9,22,2026-01-25
HVAC-REF-R448A-00406,"R-448A, 30lb tank",Refrigerant,241.84,C,7,20,2026-02-01
HVAC-COMP-VARIAB-00407,"Variable Speed Compressor, 1.5 Ton 208V",Compressor,940.49,C,5,13,2026-02-03
HVAC-MOT-PSC-00408,"PSC Motor, 1/4 HP",Motor,449.86,C,7,10,2026-01-11
HVAC-CU-HARD-00409,"Hard Copper Tubing, 3/4 in. x 50ft",Copper Tubing,80.44,A,52,110,2026-05-15
HVAC-CTL-PRESSU-00410,"Pressure Switch, Single Stage",Controls,122.83,C,7,20,2026-01-09
HVAC-CTL-RELAY-00411,"Relay, 30A",Controls,106.95,C,7,13,2026-01-26
HVAC-MOT-BLOWER-00412,"Blower Motor, 1/2 HP",Motor,308.77,C,3,6,2026-01-03
HVAC-CU-HARD-00413,"Hard Copper Tubing, 7/8 in. x 50ft",Copper Tubing,64.66,C,8,16,2026-01-02
HVAC-REF-R134A-00414,"R-134a, 100lb cylinder",Refrigerant,189.18,A,33,75,2026-04-15
HVAC-REF-R22-00415,"R-22, 100lb cylinder",Refrigerant,446.94,C,7,17,2026-01-07
HVAC-CU-HARD-00416,"Hard Copper Tubing, 1/4 in. x 50ft",Copper Tubing,77.96,C,8,13,2026-02-06
HVAC-COMP-SCROLL-00417,"Scroll Compressor, 2.5 Ton 230V",Compressor,563.21,B,16,33,2026-01-15
HVAC-CTL-DEFROS-00418,"Defrost Control Board, 120V",Controls,114.06,B,36,97,2026-03-06
HVAC-REF-R448A-00419,"R-448A, 12oz can",Refrigerant,189.62,B,14,37,2026-03-08
HVAC-CU-ACR-00420,"ACR Copper, 3/8 in. x 50ft",Copper Tubing,83.78,A,34,89,2026-05-03
HVAC-MOT-ECM-00421,"ECM Motor, 1/4 HP",Motor,150.84,B,8,22,2026-03-04
HVAC-REF-R407C-00422,"R-407C, 30lb tank",Refrigerant,223.4,B,7,16,2026-02-12
HVAC-MOT-BLOWER-00423,"Blower Motor, 1 HP",Motor,206.53,C,4,9,2026-01-11
HVAC-COMP-ROTARY-00424,"Rotary Compressor, 3.5 Ton 230V",Compressor,1099.22,A,72,139,2026-04-18
HVAC-CU-HARD-00425,"Hard Copper Tubing, 1/4 in. x 50ft",Copper Tubing,63.01,C,9,22,2025-12-07
HVAC-MOT-PSC-00426,"PSC Motor, 3/4 HP",Motor,178.83,B,30,52,2026-03-05
HVAC-REF-R448A-00427,"R-448A, 50lb jug",Refrigerant,381.11,A,69,136,2026-04-04
HVAC-CTL-PRESSU-00428,"Pressure Switch, 45 MFD",Controls,64.34,C,6,12,2026-02-03
HVAC-CTL-CONTAC-00429,"Contactor, 24V",Controls,101.01,C,5,14,2026-01-05
HVAC-REF-R404A-00430,"R-404A, 50lb jug",Refrigerant,255.19,C,12,35,2026-01-12
HVAC-CU-HARD-00431,"Hard Copper Tubing, 1/2 in. x 50ft",Copper Tubing,140.23,B,29,50,2026-01-30
HVAC-REF-R404A-00432,"R-404A, 30lb tank",Refrigerant,233.16,A,69,177,2026-03-22
HVAC-MSC-FILTER-00433,"Filter Drier, Heavy Duty",Miscellaneous,245.0,C,5,13,2025-12-27
HVAC-COMP-ROTARY-00434,"Rotary Compressor, 3.5 Ton 230V",Compressor,1434.51,C,12,26,2026-02-05
HVAC-REF-R410A-00435,"R-410A, 12oz can",Refrigerant,444.79,C,7,14,2025-12-09
HVAC-CU-SOFT-00436,"Soft Copper Tubing, 1/4 in. x 50ft",Copper Tubing,225.06,C,7,17,2026-02-04
HVAC-CTL-PRESSU-00437,"Pressure Switch, 70 MFD",Controls,58.47,C,6,12,2026-01-21
HVAC-COMP-SCROLL-00438,"Scroll Compressor, 3 Ton 230V",Compressor,3160.77,C,6,12,2025-12-11
HVAC-CTL-RELAY-00439,"Relay, 45 MFD",Controls,203.92,B,19,56,2026-02-04
HVAC-MOT-DIRECT-00440,"Direct Drive Motor, 1/6 HP",Motor,153.17,C,9,22,2026-02-09
HVAC-MSC-NITROG-00441,"Nitrogen Regulator, Standard",Miscellaneous,100.69,B,16,44,2026-02-21
HVAC-MOT-BLOWER-00442,"Blower Motor, 1/6 HP",Motor,321.17,A,23,45,2026-04-17
HVAC-MSC-LINE-00443,"Line Set Insulation, Standard",Miscellaneous,166.9,B,28,81,2026-04-08
HVAC-CTL-FURNAC-00444,"Furnace Control Board, Single Stage",Controls,96.57,A,59,111,2026-04-05
HVAC-MOT-ECM-00445,"ECM Motor, 1/3 HP",Motor,364.06,A,55,128,2026-04-04
HVAC-CTL-FURNAC-00446,"Furnace Control Board, 120V",Controls,72.3,C,4,9,2025-12-14
HVAC-COMP-SCROLL-00447,"Scroll Compressor, 3 Ton 230V",Compressor,1254.29,C,8,13,2026-01-12
HVAC-CTL-CONTAC-00448,"Contactor, Single Stage",Controls,57.49,C,7,13,2026-01-02
HVAC-COMP-VARIAB-00449,"Variable Speed Compressor, 5 Ton 460V",Compressor,1449.82,C,6,17,2025-12-23
HVAC-CTL-PROGRA-00450,"Programmable Thermostat, 45 MFD",Controls,122.98,A,62,170,2026-05-14
HVAC-CTL-PRESSU-00451,"Pressure Switch, Single Stage",Controls,153.51,C,10,16,2026-01-20
HVAC-COMP-VARIAB-00452,"Variable Speed Compressor, 2 Ton 208V",Compressor,1581.53,C,13,19,2026-01-16
HVAC-CU-LINE-00453,"Line Set, 7/8 in. x 50ft",Copper Tubing,95.04,C,2,4,2026-01-18
HVAC-CU-ACR-00454,"ACR Copper, 7/8 in. x 50ft",Copper Tubing,71.67,C,4,11,2025-12-18
HVAC-MOT-DIRECT-00455,"Direct Drive Motor, 1/6 HP",Motor,509.99,B,25,38,2026-03-23
HVAC-CTL-SMART-00456,"Smart Thermostat, 40A",Controls,81.49,C,11,18,2026-02-03
HVAC-COMP-RECIPR-00457,"Reciprocating Compressor, 3.5 Ton 230V",Compressor,1483.89,A,55,150,2026-04-04
HVAC-MOT-CONDEN-00458,"Condenser Fan Motor, 1/3 HP",Motor,231.55,B,28,55,2026-05-13
HVAC-CU-ACR-00459,"ACR Copper, 1-1/8 in. x 50ft",Copper Tubing,158.22,C,12,28,2026-01-19
HVAC-REF-R407C-00460,"R-407C, 30lb tank",Refrigerant,238.05,A,69,164,2026-03-11
HVAC-CU-HARD-00461,"Hard Copper Tubing, 1-1/8 in. x 50ft",Copper Tubing,227.46,C,4,9,2025-12-22
HVAC-CU-SOFT-00462,"Soft Copper Tubing, 3/4 in. x 50ft",Copper Tubing,99.54,C,5,14,2025-11-17
HVAC-CU-LINE-00463,"Line Set, 7/8 in. x 50ft",Copper Tubing,102.79,C,12,27,2025-12-26
HVAC-COMP-SCROLL-00464,"Scroll Compressor, 3.5 Ton 230V",Compressor,1015.87,B,21,46,2026-03-25
HVAC-REF-R134A-00465,"R-134a, 25lb cylinder",Refrigerant,157.52,C,7,12,2026-03-03
HVAC-CU-SOFT-00466,"Soft Copper Tubing, 5/8 in. x 50ft",Copper Tubing,61.74,C,10,15,2026-01-08
HVAC-MOT-ECM-00467,"ECM Motor, 1/2 HP",Motor,131.26,A,71,167,2026-05-05
HVAC-CTL-PROGRA-00468,"Programmable Thermostat, 30A",Controls,29.81,C,8,13,2026-01-15
HVAC-REF-R134A-00469,"R-134a, 50lb jug",Refrigerant,346.98,C,5,10,2026-01-04
HVAC-CU-SOFT-00470,"Soft Copper Tubing, 3/4 in. x 50ft",Copper Tubing,197.82,C,8,23,2025-11-24
HVAC-COMP-ROTARY-00471,"Rotary Compressor, 2 Ton 208V",Compressor,1288.62,B,16,33,2026-03-23
HVAC-CU-LINE-00472,"Line Set, 3/8 in. x 50ft",Copper Tubing,56.7,C,2,4,2026-01-04
HVAC-CU-SOFT-00473,"Soft Copper Tubing, 7/8 in. x 50ft",Copper Tubing,144.46,C,10,29,2026-01-24
HVAC-CU-ACR-00474,"ACR Copper, 7/8 in. x 50ft",Copper Tubing,89.67,A,52,86,2026-03-11
HVAC-MSC-FILTER-00475,"Filter Drier, 3/4 in.",Miscellaneous,83.06,C,5,10,2026-03-07
HVAC-MOT-ECM-00476,"ECM Motor, 1/3 HP",Motor,195.7,B,12,19,2026-03-10
HVAC-MOT-ECM-00477,"ECM Motor, 3/4 HP",Motor,220.43,C,9,22,2026-01-15
HVAC-CTL-RELAY-00478,"Relay, Heat Pump",Controls,42.84,A,78,191,2026-04-23
HVAC-CTL-PROGRA-00479,"Programmable Thermostat, 120V",Controls,79.05,C,8,22,2025-12-23
HVAC-CU-LINE-00480,"Line Set, 1/2 in. x 50ft",Copper Tubing,84.94,A,57,86,2026-05-15
HVAC-REF-R448A-00481,"R-448A, 12oz can",Refrigerant,264.94,C,2,4,2026-01-27
HVAC-CU-SOFT-00482,"Soft Copper Tubing, 5/8 in. x 50ft",Copper Tubing,87.21,C,8,16,2026-01-07
HVAC-CTL-CONTAC-00483,"Contactor, 45 MFD",Controls,44.23,C,10,27,2025-12-09
HVAC-CTL-CAPACI-00484,"Capacitor, 120V",Controls,54.09,B,34,66,2026-04-05
HVAC-MSC-FILTER-00485,"Filter Drier, Standard",Miscellaneous,84.29,B,17,45,2026-01-30
HVAC-CU-SOFT-00486,"Soft Copper Tubing, 1/4 in. x 50ft",Copper Tubing,128.84,B,22,43,2026-03-10
HVAC-CTL-RELAY-00487,"Relay, Single Stage",Controls,128.72,A,13,31,2026-03-22
HVAC-COMP-RECIPR-00488,"Reciprocating Compressor, 1.5 Ton 208V",Compressor,2252.64,B,29,62,2026-04-03
HVAC-MOT-CONDEN-00489,"Condenser Fan Motor, 1/4 HP",Motor,181.26,A,30,46,2026-05-01
HVAC-CU-LINE-00490,"Line Set, 1/4 in. x 50ft",Copper Tubing,226.84,A,77,162,2026-05-05
HVAC-CU-HARD-00491,"Hard Copper Tubing, 5/8 in. x 50ft",Copper Tubing,101.22,B,28,67,2026-04-05
HVAC-CU-HARD-00492,"Hard Copper Tubing, 1-1/8 in. x 50ft",Copper Tubing,67.31,C,6,15,2026-01-11
HVAC-REF-R22-00493,"R-22, 30lb tank",Refrigerant,286.62,C,7,10,2026-02-08
HVAC-CU-SOFT-00494,"Soft Copper Tubing, 1/2 in. x 50ft",Copper Tubing,147.38,C,8,12,2026-01-21
HVAC-MOT-PSC-00495,"PSC Motor, 1 HP",Motor,203.85,B,11,16,2026-03-16
HVAC-CU-HARD-00496,"Hard Copper Tubing, 5/8 in. x 50ft",Copper Tubing,98.96,B,32,53,2026-02-20
HVAC-REF-R134A-00497,"R-134a, 12oz can",Refrigerant,223.07,C,7,19,2026-01-05
HVAC-COMP-VARIAB-00498,"Variable Speed Compressor, 4 Ton 460V",Compressor,2439.05,A,57,118,2026-04-23
HVAC-REF-R410A-00499,"R-410A, 100lb cylinder",Refrigerant,310.47,B,24,41,2026-04-26
HVAC-MOT-BLOWER-00500,"Blower Motor, 1/6 HP",Motor,516.55,C,15,32,2025-12-26
HVAC-REF-R410A-00501,"R-410A, 50lb jug",Refrigerant,318.64,C,4,7,2026-02-01
HVAC-CU-LINE-00502,"Line Set, 5/8 in. x 50ft",Copper Tubing,103.15,C,6,14,2026-03-01
HVAC-MOT-INDUCE-00503,"Inducer Motor, 1/3 HP",Motor,301.63,A,46,112,2026-05-15
HVAC-REF-R134A-00504,"R-134a, 12oz can",Refrigerant,121.8,A,44,106,2026-03-24
HVAC-MOT-INDUCE-00505,"Inducer Motor, 1 HP",Motor,590.46,C,6,9,2026-02-11
HVAC-REF-R448A-00506,"R-448A, 12oz can",Refrigerant,850.0,B,7,16,2026-02-28
HVAC-COMP-RECIPR-00507,"Reciprocating Compressor, 3.5 Ton 230V",Compressor,1663.92,B,17,45,2026-02-27
HVAC-REF-R454B-00508,"R-454B, 100lb cylinder",Refrigerant,338.36,C,6,13,2026-01-01
HVAC-CU-HARD-00509,"Hard Copper Tubing, 1-1/8 in. x 50ft",Copper Tubing,110.11,A,55,113,2026-03-25
HVAC-CU-LINE-00510,"Line Set, 3/8 in. x 50ft",Copper Tubing,75.67,A,36,81,2026-05-05
HVAC-CU-ACR-00511,"ACR Copper, 1/2 in. x 50ft",Copper Tubing,235.65,B,41,114,2026-03-13
HVAC-CTL-CONTAC-00512,"Contactor, 24V",Controls,75.67,C,8,18,2025-12-28
HVAC-CU-HARD-00513,"Hard Copper Tubing, 1/2 in. x 50ft",Copper Tubing,155.44,C,11,31,2026-01-16
HVAC-CTL-CONTAC-00514,"Contactor, 45 MFD",Controls,112.25,C,2,3,2025-12-25
HVAC-CTL-DEFROS-00515,"Defrost Control Board, Single Stage",Controls,87.83,A,89,229,2026-04-27
HVAC-CU-LINE-00516,"Line Set, 3/8 in. x 50ft",Copper Tubing,79.63,C,9,24,2026-02-04
HVAC-REF-R454B-00517,"R-454B, 50lb jug",Refrigerant,154.96,C,5,14,2026-01-28
HVAC-REF-R454B-00518,"R-454B, 50lb jug",Refrigerant,401.93,B,24,62,2026-02-16
HVAC-COMP-SCROLL-00519,"Scroll Compressor, 1.5 Ton 208V",Compressor,1705.83,A,58,153,2026-05-05
HVAC-MSC-SCHRAD-00520,"Schrader Valve Core, Heavy Duty",Miscellaneous,100.77,C,10,16,2026-01-02
HVAC-CU-HARD-00521,"Hard Copper Tubing, 5/8 in. x 50ft",Copper Tubing,197.16,A,33,69,2026-04-21
HVAC-MOT-ECM-00522,"ECM Motor, 1/3 HP",Motor,165.0,C,7,18,2026-01-30
HVAC-CTL-DEFROS-00523,"Defrost Control Board, Two Stage",Controls,65.34,A,50,97,2026-04-05
HVAC-MOT-INDUCE-00524,"Inducer Motor, 1 HP",Motor,213.44,A,33,51,2026-04-04
HVAC-CTL-PROGRA-00525,"Programmable Thermostat, 30A",Controls,139.55,B,18,34,2026-03-24
HVAC-MSC-SCHRAD-00526,"Schrader Valve Core, 3/4 in.",Miscellaneous,29.32,A,31,61,2026-03-31
HVAC-REF-R134A-00527,"R-134a, 12oz can",Refrigerant,232.52,C,3,7,2026-01-14
HVAC-REF-R454B-00528,"R-454B, 30lb tank",Refrigerant,259.25,C,8,13,2025-12-07
HVAC-REF-R407C-00529,"R-407C, 25lb cylinder",Refrigerant,158.01,C,8,17,2025-12-16
HVAC-REF-R410A-00530,"R-410A, 12oz can",Refrigerant,650.45,B,29,54,2026-03-01
HVAC-MOT-PSC-00531,"PSC Motor, 1/4 HP",Motor,175.97,B,26,70,2026-02-21
HVAC-MOT-PSC-00532,"PSC Motor, 1/3 HP",Motor,354.56,B,42,80,2026-02-25
HVAC-CU-HARD-00533,"Hard Copper Tubing, 1/4 in. x 50ft",Copper Tubing,88.69,A,13,22,2026-04-21
HVAC-MOT-DIRECT-00534,"Direct Drive Motor, 3/4 HP",Motor,173.92,C,8,12,2026-01-31
HVAC-CTL-CAPACI-00535,"Capacitor, Heat Pump",Controls,157.02,C,5,9,2026-01-10
HVAC-REF-R448A-00536,"R-448A, 100lb cylinder",Refrigerant,220.2,A,53,104,2026-03-31
HVAC-MOT-INDUCE-00537,"Inducer Motor, 1 HP",Motor,154.94,B,17,32,2026-03-26
HVAC-CTL-DEFROS-00538,"Defrost Control Board, 45 MFD",Controls,59.41,B,26,55,2026-02-28
HVAC-REF-R134A-00539,"R-134a, 25lb cylinder",Refrigerant,275.36,B,18,53,2026-02-16
HVAC-CTL-PRESSU-00540,"Pressure Switch, 24V",Controls,91.67,C,6,14,2026-03-12
HVAC-MSC-REFRIG-00541,"Refrigerant Recovery Tank, Heavy Duty",Miscellaneous,42.93,C,9,22,2026-01-31
HVAC-REF-R32-00542,"R-32, 100lb cylinder",Refrigerant,262.58,A,53,141,2026-05-06
HVAC-REF-R410A-00543,"R-410A, 12oz can",Refrigerant,221.24,A,41,83,2026-04-17
HVAC-CU-HARD-00544,"Hard Copper Tubing, 5/8 in. x 50ft",Copper Tubing,111.7,A,62,112,2026-05-15
HVAC-MOT-ECM-00545,"ECM Motor, 1/6 HP",Motor,110.72,B,8,12,2026-04-11
HVAC-MSC-SCHRAD-00546,"Schrader Valve Core, 1/2 in.",Miscellaneous,35.34,A,79,143,2026-04-12
HVAC-CU-HARD-00547,"Hard Copper Tubing, 3/4 in. x 50ft",Copper Tubing,129.61,C,6,16,2025-11-19
HVAC-CTL-FURNAC-00548,"Furnace Control Board, Heat Pump",Controls,117.8,B,11,18,2026-04-14
HVAC-REF-R22-00549,"R-22, 25lb cylinder",Refrigerant,374.21,B,30,59,2026-02-14
HVAC-MOT-CONDEN-00550,"Condenser Fan Motor, 3/4 HP",Motor,140.82,B,33,93,2026-03-29
HVAC-MOT-PSC-00551,"PSC Motor, 1 HP",Motor,285.64,C,5,7,2026-02-15
HVAC-REF-R32-00552,"R-32, 30lb tank",Refrigerant,257.08,A,29,44,2026-04-02
HVAC-CTL-RELAY-00553,"Relay, Two Stage",Controls,58.2,C,3,4,2026-02-08
HVAC-CTL-PRESSU-00554,"Pressure Switch, 30A",Controls,68.38,A,30,68,2026-05-15
HVAC-MOT-INDUCE-00555,"Inducer Motor, 3/4 HP",Motor,197.27,C,7,15,2026-01-10
HVAC-REF-R410A-00556,"R-410A, 100lb cylinder",Refrigerant,255.0,B,24,63,2026-04-05
HVAC-MSC-BRAZIN-00557,"Brazing Rod, 3/4 in.",Miscellaneous,95.9,B,20,59,2026-01-27
HVAC-CTL-RELAY-00558,"Relay, 30A",Controls,117.97,B,24,36,2026-03-15
HVAC-CU-ACR-00559,"ACR Copper, 1/2 in. x 50ft",Copper Tubing,86.31,B,27,61,2026-03-25
HVAC-CU-SOFT-00560,"Soft Copper Tubing, 1/2 in. x 50ft",Copper Tubing,67.2,B,8,22,2026-03-02
HVAC-CU-LINE-00561,"Line Set, 1/2 in. x 50ft",Copper Tubing,114.45,B,25,54,2026-02-18
HVAC-COMP-RECIPR-00562,"Reciprocating Compressor, 3 Ton 230V",Compressor,735.31,A,33,86,2026-04-23
HVAC-CU-SOFT-00563,"Soft Copper Tubing, 3/8 in. x 50ft",Copper Tubing,59.27,C,5,14,2026-01-12
HVAC-CTL-PRESSU-00564,"Pressure Switch, 40A",Controls,79.14,C,8,14,2026-02-11
HVAC-CTL-PRESSU-00565,"Pressure Switch, Heat Pump",Controls,54.98,A,56,149,2026-05-15
HVAC-REF-R454B-00566,"R-454B, 12oz can",Refrigerant,167.34,B,21,43,2026-02-22
HVAC-MSC-BRAZIN-00567,"Brazing Rod, 3/4 in.",Miscellaneous,97.56,C,4,8,2025-12-20
HVAC-MOT-INDUCE-00568,"Inducer Motor, 3/4 HP",Motor,193.94,C,9,23,2025-12-17
HVAC-CTL-SMART-00569,"Smart Thermostat, Single Stage",Controls,74.74,C,4,11,2026-01-14
HVAC-CTL-FURNAC-00570,"Furnace Control Board, Heat Pump",Controls,33.47,C,8,12,2025-11-21
HVAC-CU-ACR-00571,"ACR Copper, 1-1/8 in. x 50ft",Copper Tubing,112.03,C,10,21,2026-01-26
HVAC-CTL-CAPACI-00572,"Capacitor, 120V",Controls,26.07,C,12,18,2026-02-15
HVAC-MSC-BRAZIN-00573,"Brazing Rod, 1/2 in.",Miscellaneous,39.57,B,23,42,2026-02-25
HVAC-CU-SOFT-00574,"Soft Copper Tubing, 5/8 in. x 50ft",Copper Tubing,60.05,C,9,14,2025-11-21
HVAC-CTL-CONTAC-00575,"Contactor, 40A",Controls,37.48,C,8,14,2026-01-09
HVAC-COMP-ROTARY-00576,"Rotary Compressor, 3.5 Ton 230V",Compressor,1628.91,B,20,44,2026-03-23
HVAC-COMP-VARIAB-00577,"Variable Speed Compressor, 4 Ton 460V",Compressor,1681.19,C,4,9,2025-12-21
HVAC-CU-HARD-00578,"Hard Copper Tubing, 3/8 in. x 50ft",Copper Tubing,74.25,B,23,51,2026-01-28
HVAC-CTL-DEFROS-00579,"Defrost Control Board, 40A",Controls,96.87,A,62,114,2026-04-26
HVAC-CU-LINE-00580,"Line Set, 3/4 in. x 50ft",Copper Tubing,66.95,C,9,23,2025-12-19
HVAC-CTL-PRESSU-00581,"Pressure Switch, 24V",Controls,60.22,C,7,10,2026-02-01
HVAC-CTL-CONTAC-00582,"Contactor, Heat Pump",Controls,299.72,C,7,14,2026-01-19
HVAC-REF-R448A-00583,"R-448A, 30lb tank",Refrigerant,195.1,C,3,7,2026-02-20
HVAC-CTL-PRESSU-00584,"Pressure Switch, Two Stage",Controls,29.91,C,11,25,2026-01-28
HVAC-CU-SOFT-00585,"Soft Copper Tubing, 1-1/8 in. x 50ft",Copper Tubing,168.34,C,12,22,2026-02-11
HVAC-COMP-SCROLL-00586,"Scroll Compressor, 2 Ton 208V",Compressor,1333.79,C,4,11,2026-01-21
HVAC-MOT-ECM-00587,"ECM Motor, 1/3 HP",Motor,292.48,A,19,45,2026-03-02
HVAC-CU-ACR-00588,"ACR Copper, 1/4 in. x 50ft",Copper Tubing,272.82,C,8,22,2026-02-02
HVAC-REF-R407C-00589,"R-407C, 12oz can",Refrigerant,157.07,A,78,172,2026-05-01
HVAC-CTL-DEFROS-00590,"Defrost Control Board, 45 MFD",Controls,35.96,C,7,13,2026-02-11
HVAC-REF-R22-00591,"R-22, 25lb cylinder",Refrigerant,298.15,C,6,9,2025-12-30
HVAC-CU-SOFT-00592,"Soft Copper Tubing, 1-1/8 in. x 50ft",Copper Tubing,47.39,C,8,15,2025-12-31
HVAC-CTL-CONTAC-00593,"Contactor, 45 MFD",Controls,99.81,A,70,173,2026-04-02
HVAC-CU-SOFT-00594,"Soft Copper Tubing, 3/4 in. x 50ft",Copper Tubing,57.08,B,22,37,2026-03-19
HVAC-CTL-CAPACI-00595,"Capacitor, 45 MFD",Controls,74.5,C,10,15,2026-03-15
HVAC-CTL-RELAY-00596,"Relay, Heat Pump",Controls,42.91,B,11,28,2026-02-18
HVAC-CU-ACR-00597,"ACR Copper, 7/8 in. x 50ft",Copper Tubing,69.31,C,7,13,2025-12-13
HVAC-REF-R32-00598,"R-32, 100lb cylinder",Refrigerant,458.33,C,4,8,2026-01-22
HVAC-MSC-LINE-00599,"Line Set Insulation, 1 in.",Miscellaneous,62.58,C,12,29,2026-02-23
HVAC-REF-R454B-00600,"R-454B, 30lb tank",Refrigerant,262.19,B,13,34,2026-03-27
HVAC-CTL-PROGRA-00601,"Programmable Thermostat, Single Stage",Controls,107.39,C,9,14,2026-01-08
HVAC-COMP-RECIPR-00602,"Reciprocating Compressor, 3 Ton 230V",Compressor,1829.59,C,3,7,2025-12-15
HVAC-CTL-DEFROS-00603,"Defrost Control Board, 30A",Controls,44.9,A,50,113,2026-05-14
HVAC-MOT-BLOWER-00604,"Blower Motor, 1/6 HP",Motor,281.24,B,18,46,2026-02-21
HVAC-MOT-ECM-00605,"ECM Motor, 1/3 HP",Motor,323.89,B,26,66,2026-03-08
HVAC-COMP-VARIAB-00606,"Variable Speed Compressor, 4 Ton 460V",Compressor,1844.61,B,23,41,2026-02-14
HVAC-CTL-CAPACI-00607,"Capacitor, 24V",Controls,54.95,B,9,26,2026-04-06
HVAC-REF-R407C-00608,"R-407C, 100lb cylinder",Refrigerant,309.24,B,26,75,2026-02-23
HVAC-CU-SOFT-00609,"Soft Copper Tubing, 3/4 in. x 50ft",Copper Tubing,282.55,C,2,3,2026-01-12
HVAC-MOT-BLOWER-00610,"Blower Motor, 1 HP",Motor,293.83,C,10,27,2026-01-18
HVAC-CU-HARD-00611,"Hard Copper Tubing, 1-1/8 in. x 50ft",Copper Tubing,107.92,C,7,12,2025-12-30
HVAC-MOT-CONDEN-00612,"Condenser Fan Motor, 3/4 HP",Motor,324.34,C,9,14,2025-12-29
HVAC-COMP-ROTARY-00613,"Rotary Compressor, 3.5 Ton 230V",Compressor,1356.02,B,34,94,2026-03-06
HVAC-COMP-RECIPR-00614,"Reciprocating Compressor, 5 Ton 460V",Compressor,1684.77,B,15,25,2026-04-29
HVAC-CU-LINE-00615,"Line Set, 1-1/8 in. x 50ft",Copper Tubing,200.25,A,27,75,2026-05-15
HVAC-CTL-CONTAC-00616,"Contactor, Heat Pump",Controls,150.95,C,9,21,2025-12-24
HVAC-CU-LINE-00617,"Line Set, 1/4 in. x 50ft",Copper Tubing,64.47,C,8,15,2026-01-26
HVAC-CTL-CAPACI-00618,"Capacitor, Single Stage",Controls,44.19,C,3,7,2026-02-18
HVAC-CU-SOFT-00619,"Soft Copper Tubing, 3/8 in. x 50ft",Copper Tubing,202.06,C,5,13,2026-01-14
HVAC-CU-LINE-00620,"Line Set, 1/2 in. x 50ft",Copper Tubing,87.69,C,2,3,2026-02-07
HVAC-REF-R448A-00621,"R-448A, 12oz can",Refrigerant,469.09,A,60,147,2026-04-24
HVAC-REF-R134A-00622,"R-134a, 50lb jug",Refrigerant,439.33,B,31,81,2026-03-15
HVAC-REF-R32-00623,"R-32, 50lb jug",Refrigerant,157.25,C,7,13,2026-01-24
HVAC-COMP-ROTARY-00624,"Rotary Compressor, 3.5 Ton 230V",Compressor,1563.07,B,19,33,2026-03-06
HVAC-CTL-FURNAC-00625,"Furnace Control Board, Two Stage",Controls,50.91,B,32,81,2026-03-22
HVAC-REF-R32-00626,"R-32, 12oz can",Refrigerant,138.25,B,12,21,2026-04-13
HVAC-CU-ACR-00627,"ACR Copper, 1/4 in. x 50ft",Copper Tubing,83.64,B,6,11,2026-03-10
HVAC-COMP-SCROLL-00628,"Scroll Compressor, 5 Ton 460V",Compressor,1461.62,C,8,12,2026-01-29
HVAC-CTL-DEFROS-00629,"Defrost Control Board, 24V",Controls,86.88,A,48,78,2026-04-16
HVAC-MSC-NITROG-00630,"Nitrogen Regulator, 1 in.",Miscellaneous,139.44,B,30,45,2026-04-08
HVAC-COMP-RECIPR-00631,"Reciprocating Compressor, 4 Ton 460V",Compressor,2014.05,A,73,176,2026-03-26
HVAC-CU-LINE-00632,"Line Set, 3/8 in. x 50ft",Copper Tubing,69.94,C,5,14,2025-12-16
HVAC-REF-R448A-00633,"R-448A, 30lb tank",Refrigerant,285.47,C,7,16,2026-01-04
HVAC-REF-R134A-00634,"R-134a, 50lb jug",Refrigerant,422.85,A,73,173,2026-04-26
HVAC-CU-LINE-00635,"Line Set, 1/4 in. x 50ft",Copper Tubing,109.37,C,6,17,2026-02-20
HVAC-REF-R32-00636,"R-32, 50lb jug",Refrigerant,441.01,B,17,50,2026-02-20
HVAC-REF-R454B-00637,"R-454B, 50lb jug",Refrigerant,172.14,B,13,34,2026-03-10
HVAC-COMP-ROTARY-00638,"Rotary Compressor, 2.5 Ton 230V",Compressor,1248.07,C,10,25,2026-01-21
HVAC-CU-HARD-00639,"Hard Copper Tubing, 3/8 in. x 50ft",Copper Tubing,59.9,C,8,19,2026-01-13
HVAC-MSC-REFRIG-00640,"Refrigerant Recovery Tank, 1/2 in.",Miscellaneous,21.86,C,10,17,2026-01-23
HVAC-MOT-PSC-00641,"PSC Motor, 1 HP",Motor,239.33,A,57,86,2026-04-06
HVAC-MOT-CONDEN-00642,"Condenser Fan Motor, 1/6 HP",Motor,159.14,C,5,7,2026-02-02
HVAC-REF-R410A-00643,"R-410A, 12oz can",Refrigerant,182.98,B,33,79,2026-03-14
HVAC-CTL-RELAY-00644,"Relay, 24V",Controls,56.09,B,21,60,2026-02-22
HVAC-COMP-ROTARY-00645,"Rotary Compressor, 1.5 Ton 208V",Compressor,1667.59,B,8,19,2026-03-01
HVAC-CTL-PROGRA-00646,"Programmable Thermostat, 70 MFD",Controls,133.58,C,10,20,2026-01-30
HVAC-MOT-INDUCE-00647,"Inducer Motor, 1/6 HP",Motor,216.79,A,53,122,2026-04-01
HVAC-COMP-VARIAB-00648,"Variable Speed Compressor, 1.5 Ton 208V",Compressor,954.74,C,3,8,2026-01-03
HVAC-CU-LINE-00649,"Line Set, 1/4 in. x 50ft",Copper Tubing,162.05,A,92,172,2026-05-09
HVAC-REF-R32-00650,"R-32, 100lb cylinder",Refrigerant,198.06,C,13,37,2025-11-22
HVAC-REF-R410A-00651,"R-410A, 25lb cylinder",Refrigerant,187.09,B,16,24,2026-04-20
HVAC-MSC-DRAIN-00652,"Drain Pan, Heavy Duty",Miscellaneous,47.41,C,2,5,2026-01-11
HVAC-COMP-ROTARY-00653,"Rotary Compressor, 3.5 Ton 230V",Compressor,989.92,B,22,46,2026-03-16
HVAC-CTL-FURNAC-00654,"Furnace Control Board, Single Stage",Controls,39.46,B,26,41,2026-03-13
HVAC-CU-LINE-00655,"Line Set, 1/4 in. x 50ft",Copper Tubing,98.03,C,9,25,2026-02-05
HVAC-REF-R32-00656,"R-32, 50lb jug",Refrigerant,329.83,A,69,135,2026-04-29
HVAC-MOT-DIRECT-00657,"Direct Drive Motor, 1/3 HP",Motor,168.6,B,20,46,2026-04-17
HVAC-REF-R134A-00658,"R-134a, 100lb cylinder",Refrigerant,156.17,C,3,5,2025-12-29
HVAC-REF-R454B-00659,"R-454B, 30lb tank",Refrigerant,326.02,C,4,9,2026-02-14
HVAC-MOT-DIRECT-00660,"Direct Drive Motor, 3/4 HP",Motor,194.26,C,5,8,2026-01-06
HVAC-CU-HARD-00661,"Hard Copper Tubing, 3/4 in. x 50ft",Copper Tubing,425.0,C,9,24,2025-12-20
HVAC-MSC-DRAIN-00662,"Drain Pan, 1/2 in.",Miscellaneous,60.91,C,9,15,2025-11-20
HVAC-REF-R410A-00663,"R-410A, 30lb tank",Refrigerant,166.36,C,4,10,2025-12-28
HVAC-CTL-FURNAC-00664,"Furnace Control Board, Two Stage",Controls,61.4,A,44,99,2026-03-27
HVAC-MOT-ECM-00665,"ECM Motor, 1/4 HP",Motor,329.09,B,17,34,2026-02-24
HVAC-CTL-PROGRA-00666,"Programmable Thermostat, 120V",Controls,68.84,C,7,13,2025-11-11
HVAC-CU-HARD-00667,"Hard Copper Tubing, 3/4 in. x 50ft",Copper Tubing,138.81,A,47,87,2026-05-05
HVAC-COMP-VARIAB-00668,"Variable Speed Compressor, 2.5 Ton 230V",Compressor,2238.61,C,14,32,2026-02-19
HVAC-COMP-ROTARY-00669,"Rotary Compressor, 3 Ton 230V",Compressor,684.69,C,11,19,2025-12-15
HVAC-CU-SOFT-00670,"Soft Copper Tubing, 3/8 in. x 50ft",Copper Tubing,47.11,A,50,114,2026-04-12
HVAC-CTL-CAPACI-00671,"Capacitor, 40A",Controls,138.36,A,55,92,2026-05-13
HVAC-MSC-BRAZIN-00672,"Brazing Rod, 3/4 in.",Miscellaneous,27.26,C,6,12,2026-02-04
HVAC-CU-HARD-00673,"Hard Copper Tubing, 5/8 in. x 50ft",Copper Tubing,155.94,C,7,15,2026-01-06
HVAC-MOT-CONDEN-00674,"Condenser Fan Motor, 1/3 HP",Motor,189.05,B,19,46,2025-12-31
HVAC-MOT-CONDEN-00675,"Condenser Fan Motor, 1/2 HP",Motor,143.92,B,11,16,2026-02-14
HVAC-CTL-SMART-00676,"Smart Thermostat, 70 MFD",Controls,92.53,C,13,35,2026-01-01
HVAC-MSC-REFRIG-00677,"Refrigerant Recovery Tank, Standard",Miscellaneous,59.71,C,2,5,2026-01-15
HVAC-CU-LINE-00678,"Line Set, 7/8 in. x 50ft",Copper Tubing,65.45,B,18,37,2026-03-27
HVAC-CU-LINE-00679,"Line Set, 3/4 in. x 50ft",Copper Tubing,108.33,C,7,16,2025-12-18
HVAC-MOT-DIRECT-00680,"Direct Drive Motor, 1/6 HP",Motor,168.93,C,8,17,2025-12-11
HVAC-REF-R32-00681,"R-32, 100lb cylinder",Refrigerant,206.62,C,4,8,2026-01-28
HVAC-REF-R448A-00682,"R-448A, 25lb cylinder",Refrigerant,196.74,A,46,118,2026-05-06
HVAC-REF-R404A-00683,"R-404A, 100lb cylinder",Refrigerant,128.63,A,75,113,2026-03-27
HVAC-REF-R448A-00684,"R-448A, 30lb tank",Refrigerant,343.51,B,10,27,2026-03-12
HVAC-COMP-RECIPR-00685,"Reciprocating Compressor, 4 Ton 460V",Compressor,1321.01,C,8,12,2025-12-04
HVAC-MOT-PSC-00686,"PSC Motor, 1/4 HP",Motor,261.75,A,79,213,2026-04-03
HVAC-CU-ACR-00687,"ACR Copper, 1/2 in. x 50ft",Copper Tubing,168.19,C,4,10,2026-01-09
HVAC-CU-ACR-00688,"ACR Copper, 3/8 in. x 50ft",Copper Tubing,239.76,C,10,28,2026-01-22
HVAC-CTL-SMART-00689,"Smart Thermostat, 45 MFD",Controls,59.3,B,22,58,2026-03-01
HVAC-CTL-CAPACI-00690,"Capacitor, Single Stage",Controls,229.49,A,71,173,2026-04-16
HVAC-COMP-SCROLL-00691,"Scroll Compressor, 4 Ton 460V",Compressor,2141.11,C,7,18,2026-02-10
HVAC-MOT-PSC-00692,"PSC Motor, 1 HP",Motor,155.9,C,5,9,2026-02-07
HVAC-MSC-DRAIN-00693,"Drain Pan, Standard",Miscellaneous,29.06,C,10,22,2026-01-14
HVAC-CTL-PRESSU-00694,"Pressure Switch, 70 MFD",Controls,47.05,B,32,86,2026-02-22
HVAC-MOT-DIRECT-00695,"Direct Drive Motor, 1 HP",Motor,349.02,B,27,51,2026-04-03
HVAC-MOT-CONDEN-00696,"Condenser Fan Motor, 1/6 HP",Motor,229.74,A,61,108,2026-05-15
HVAC-MSC-REFRIG-00697,"Refrigerant Recovery Tank, Standard",Miscellaneous,27.27,C,4,9,2025-12-24
HVAC-CU-ACR-00698,"ACR Copper, 7/8 in. x 50ft",Copper Tubing,173.82,C,4,10,2025-12-28
HVAC-COMP-SCROLL-00699,"Scroll Compressor, 4 Ton 460V",Compressor,1805.83,C,4,8,2025-12-06
HVAC-MOT-BLOWER-00700,"Blower Motor, 1/6 HP",Motor,248.92,C,2,3,2026-01-08
HVAC-MSC-SCHRAD-00701,"Schrader Valve Core, 3/4 in.",Miscellaneous,39.65,C,10,29,2026-01-18
HVAC-CTL-CAPACI-00702,"Capacitor, Two Stage",Controls,95.66,B,22,35,2026-02-23
HVAC-REF-R404A-00703,"R-404A, 25lb cylinder",Refrigerant,148.76,B,29,78,2026-03-27
HVAC-REF-R22-00704,"R-22, 12oz can",Refrigerant,172.3,A,45,120,2026-04-21
HVAC-CU-ACR-00705,"ACR Copper, 1/2 in. x 50ft",Copper Tubing,104.78,C,2,4,2025-12-25
HVAC-CTL-CONTAC-00706,"Contactor, 40A",Controls,114.27,C,12,28,2026-01-01
HVAC-MOT-ECM-00707,"ECM Motor, 1/2 HP",Motor,360.43,A,69,164,2026-04-12
HVAC-CU-ACR-00708,"ACR Copper, 5/8 in. x 50ft",Copper Tubing,119.85,C,8,20,2026-01-19
HVAC-REF-R407C-00709,"R-407C, 50lb jug",Refrigerant,565.51,C,3,7,2026-01-24
HVAC-MOT-PSC-00710,"PSC Motor, 1/6 HP",Motor,251.0,C,2,4,2025-12-26
HVAC-MOT-CONDEN-00711,"Condenser Fan Motor, 1/3 HP",Motor,323.48,A,48,120,2026-05-07
HVAC-MSC-NITROG-00712,"Nitrogen Regulator, Standard",Miscellaneous,24.86,B,31,78,2026-01-16
HVAC-COMP-ROTARY-00713,"Rotary Compressor, 4 Ton 460V",Compressor,1327.27,C,3,5,2025-12-20
HVAC-COMP-ROTARY-00714,"Rotary Compressor, 1.5 Ton 208V",Compressor,2521.1,B,33,72,2026-02-20
HVAC-REF-R32-00715,"R-32, 25lb cylinder",Refrigerant,180.08,C,11,19,2025-12-30
HVAC-REF-R32-00716,"R-32, 12oz can",Refrigerant,562.47,C,10,29,2025-12-31
HVAC-CU-SOFT-00717,"Soft Copper Tubing, 3/8 in. x 50ft",Copper Tubing,141.03,B,12,25,2025-12-20
HVAC-CU-ACR-00718,"ACR Copper, 3/4 in. x 50ft",Copper Tubing,125.78,B,10,23,2026-02-25
HVAC-CU-LINE-00719,"Line Set, 3/8 in. x 50ft",Copper Tubing,101.44,B,6,9,2026-02-07
HVAC-REF-R407C-00720,"R-407C, 30lb tank",Refrigerant,244.55,B,16,45,2026-03-02
HVAC-MSC-DRAIN-00721,"Drain Pan, 1/2 in.",Miscellaneous,29.51,B,22,39,2026-02-15
HVAC-CTL-PRESSU-00722,"Pressure Switch, 45 MFD",Controls,114.81,C,5,14,2025-12-19
HVAC-MOT-BLOWER-00723,"Blower Motor, 1/3 HP",Motor,167.48,C,8,17,2026-01-09
HVAC-MSC-NITROG-00724,"Nitrogen Regulator, Standard",Miscellaneous,34.03,B,18,28,2026-03-12
HVAC-MSC-SIGHT-00725,"Sight Glass, Heavy Duty",Miscellaneous,29.71,A,36,79,2026-05-08
HVAC-MOT-ECM-00726,"ECM Motor, 3/4 HP",Motor,176.0,C,7,20,2026-01-17
HVAC-CU-SOFT-00727,"Soft Copper Tubing, 1-1/8 in. x 50ft",Copper Tubing,99.74,C,2,5,2026-01-22
HVAC-REF-R410A-00728,"R-410A, 12oz can",Refrigerant,162.84,C,4,7,2026-01-23
HVAC-CTL-SMART-00729,"Smart Thermostat, 40A",Controls,63.72,B,30,47,2026-04-04
HVAC-COMP-VARIAB-00730,"Variable Speed Compressor, 2.5 Ton 230V",Compressor,1777.09,C,6,16,2026-01-21
HVAC-MOT-PSC-00731,"PSC Motor, 1/2 HP",Motor,152.08,C,2,4,2026-01-14
HVAC-MSC-NITROG-00732,"Nitrogen Regulator, 1/2 in.",Miscellaneous,37.39,B,22,37,2026-03-02
HVAC-REF-R410A-00733,"R-410A, 50lb jug",Refrigerant,850.0,A,21,46,2026-04-01
HVAC-MOT-INDUCE-00734,"Inducer Motor, 1 HP",Motor,206.29,A,33,52,2026-03-29
HVAC-MOT-ECM-00735,"ECM Motor, 1 HP",Motor,172.35,C,4,10,2026-03-10
HVAC-COMP-ROTARY-00736,"Rotary Compressor, 3 Ton 230V",Compressor,3605.85,C,10,19,2025-12-29
HVAC-REF-R404A-00737,"R-404A, 50lb jug",Refrigerant,298.88,C,11,32,2026-01-07
HVAC-CU-LINE-00738,"Line Set, 7/8 in. x 50ft",Copper Tubing,98.07,B,26,67,2026-03-08
HVAC-CU-ACR-00739,"ACR Copper, 5/8 in. x 50ft",Copper Tubing,63.67,C,2,5,2026-02-16
HVAC-MOT-CONDEN-00740,"Condenser Fan Motor, 3/4 HP",Motor,334.8,C,6,13,2026-02-22
HVAC-CTL-PRESSU-00741,"Pressure Switch, 70 MFD",Controls,46.64,B,16,28,2026-02-26
HVAC-CU-ACR-00742,"ACR Copper, 5/8 in. x 50ft",Copper Tubing,325.72,A,82,151,2026-02-24
HVAC-MOT-INDUCE-00743,"Inducer Motor, 1/4 HP",Motor,199.81,C,2,4,2025-12-20
HVAC-CU-SOFT-00744,"Soft Copper Tubing, 5/8 in. x 50ft",Copper Tubing,124.23,C,4,7,2026-01-25
HVAC-MSC-SIGHT-00745,"Sight Glass, Standard",Miscellaneous,28.19,C,9,17,2026-01-21
HVAC-CTL-RELAY-00746,"Relay, 30A",Controls,42.53,C,8,16,2025-12-11
HVAC-MOT-ECM-00747,"ECM Motor, 1/3 HP",Motor,174.6,C,8,22,2026-02-01
HVAC-COMP-SCROLL-00748,"Scroll Compressor, 1.5 Ton 208V",Compressor,1053.28,C,9,16,2026-02-07
HVAC-CU-SOFT-00749,"Soft Copper Tubing, 3/8 in. x 50ft",Copper Tubing,158.52,C,6,11,2025-12-28
HVAC-CU-LINE-00750,"Line Set, 1/2 in. x 50ft",Copper Tubing,146.48,C,11,24,2026-01-26
HVAC-MSC-LINE-00751,"Line Set Insulation, 1 in.",Miscellaneous,62.43,C,5,11,2026-01-17
HVAC-CU-ACR-00752,"ACR Copper, 1/4 in. x 50ft",Copper Tubing,74.8,C,5,11,2026-01-03
HVAC-COMP-VARIAB-00753,"Variable Speed Compressor, 2.5 Ton 230V",Compressor,1217.47,B,32,55,2026-03-12
HVAC-MSC-SCHRAD-00754,"Schrader Valve Core, Standard",Miscellaneous,11.09,B,16,43,2026-03-20
HVAC-MOT-ECM-00755,"ECM Motor, 1/6 HP",Motor,424.16,B,15,33,2026-04-03
HVAC-COMP-ROTARY-00756,"Rotary Compressor, 2 Ton 208V",Compressor,1948.12,A,54,85,2026-04-08
HVAC-CU-HARD-00757,"Hard Copper Tubing, 7/8 in. x 50ft",Copper Tubing,425.0,C,8,17,2026-01-23
HVAC-REF-R407C-00758,"R-407C, 30lb tank",Refrigerant,223.79,C,8,14,2026-01-12
HVAC-CU-SOFT-00759,"Soft Copper Tubing, 7/8 in. x 50ft",Copper Tubing,91.97,A,54,103,2026-05-13
HVAC-CTL-SMART-00760,"Smart Thermostat, Heat Pump",Controls,61.44,C,4,10,2026-01-22
HVAC-MOT-CONDEN-00761,"Condenser Fan Motor, 1/3 HP",Motor,394.4,B,22,40,2026-03-18
HVAC-CTL-DEFROS-00762,"Defrost Control Board, 24V",Controls,118.91,C,13,20,2026-01-15
HVAC-CU-LINE-00763,"Line Set, 1/4 in. x 50ft",Copper Tubing,157.43,C,12,22,2026-01-07
HVAC-COMP-VARIAB-00764,"Variable Speed Compressor, 4 Ton 460V",Compressor,1213.52,C,7,20,2026-01-08
HVAC-MSC-BRAZIN-00765,"Brazing Rod, Heavy Duty",Miscellaneous,54.71,C,10,25,2026-02-16
HVAC-CU-ACR-00766,"ACR Copper, 1/2 in. x 50ft",Copper Tubing,175.88,C,6,11,2026-02-02
HVAC-MOT-CONDEN-00767,"Condenser Fan Motor, 1 HP",Motor,335.47,C,11,26,2025-12-16
HVAC-REF-R448A-00768,"R-448A, 30lb tank",Refrigerant,198.2,C,7,14,2026-02-20
HVAC-MSC-LINE-00769,"Line Set Insulation, 1 in.",Miscellaneous,36.66,C,6,17,2026-02-08
HVAC-MOT-PSC-00770,"PSC Motor, 3/4 HP",Motor,246.01,A,27,50,2026-04-18
HVAC-CU-ACR-00771,"ACR Copper, 1/2 in. x 50ft",Copper Tubing,44.45,A,91,239,2026-04-30
HVAC-REF-R32-00772,"R-32, 12oz can",Refrigerant,313.35,A,80,168,2026-05-14
HVAC-MOT-CONDEN-00773,"Condenser Fan Motor, 1 HP",Motor,521.06,B,17,43,2026-02-20
HVAC-MOT-DIRECT-00774,"Direct Drive Motor, 1/4 HP",Motor,157.06,C,6,12,2026-01-24
HVAC-REF-R134A-00775,"R-134a, 12oz can",Refrigerant,170.18,C,8,15,2025-11-29
HVAC-MSC-SCHRAD-00776,"Schrader Valve Core, 3/4 in.",Miscellaneous,15.93,A,48,83,2026-05-15
HVAC-MSC-SIGHT-00777,"Sight Glass, 1 in.",Miscellaneous,172.47,C,8,22,2026-02-05
HVAC-COMP-VARIAB-00778,"Variable Speed Compressor, 2 Ton 208V",Compressor,2569.25,B,13,35,2026-02-21
HVAC-REF-R448A-00779,"R-448A, 25lb cylinder",Refrigerant,276.14,A,88,250,2026-03-31
HVAC-CTL-FURNAC-00780,"Furnace Control Board, Heat Pump",Controls,32.78,B,12,28,2026-03-10
HVAC-COMP-RECIPR-00781,"Reciprocating Compressor, 1.5 Ton 208V",Compressor,1384.1,C,4,11,2026-01-13
HVAC-CTL-CONTAC-00782,"Contactor, 40A",Controls,203.26,B,24,55,2026-03-05
HVAC-COMP-ROTARY-00783,"Rotary Compressor, 3.5 Ton 230V",Compressor,1204.22,C,2,5,2025-12-27
HVAC-CU-SOFT-00784,"Soft Copper Tubing, 7/8 in. x 50ft",Copper Tubing,55.17,B,13,23,2026-03-17
HVAC-CTL-SMART-00785,"Smart Thermostat, 30A",Controls,260.03,B,8,18,2026-02-18
HVAC-MSC-SIGHT-00786,"Sight Glass, 1/2 in.",Miscellaneous,93.91,B,16,32,2026-03-09
HVAC-CU-ACR-00787,"ACR Copper, 5/8 in. x 50ft",Copper Tubing,228.94,C,11,21,2026-01-23
HVAC-MOT-BLOWER-00788,"Blower Motor, 1/3 HP",Motor,129.3,B,2,4,2026-03-18
HVAC-CU-SOFT-00789,"Soft Copper Tubing, 7/8 in. x 50ft",Copper Tubing,147.81,C,9,18,2025-12-30
HVAC-MSC-SIGHT-00790,"Sight Glass, Heavy Duty",Miscellaneous,16.26,C,6,13,2026-01-06
HVAC-COMP-RECIPR-00791,"Reciprocating Compressor, 3 Ton 230V",Compressor,1648.32,C,7,14,2026-01-23
HVAC-CTL-CAPACI-00792,"Capacitor, Two Stage",Controls,102.89,A,30,77,2026-04-19
HVAC-CTL-RELAY-00793,"Relay, 40A",Controls,102.47,C,7,11,2026-01-28
HVAC-CU-LINE-00794,"Line Set, 3/4 in. x 50ft",Copper Tubing,152.52,C,8,16,2026-01-25
HVAC-CTL-PRESSU-00795,"Pressure Switch, 70 MFD",Controls,89.41,C,2,5,2025-12-13
HVAC-CU-HARD-00796,"Hard Copper Tubing, 1/4 in. x 50ft",Copper Tubing,138.27,B,29,48,2026-04-10
HVAC-MSC-REFRIG-00797,"Refrigerant Recovery Tank, Heavy Duty",Miscellaneous,30.36,B,11,27,2026-04-20
HVAC-COMP-VARIAB-00798,"Variable Speed Compressor, 2 Ton 208V",Compressor,1043.09,A,54,93,2026-05-15
HVAC-CTL-PRESSU-00799,"Pressure Switch, Heat Pump",Controls,62.16,C,4,11,2026-01-18
HVAC-CU-ACR-00800,"ACR Copper, 3/4 in. x 50ft",Copper Tubing,61.56,A,56,164,2026-03-08
HVAC-CU-SOFT-00801,"Soft Copper Tubing, 3/4 in. x 50ft",Copper Tubing,112.66,B,22,63,2026-03-13
HVAC-MOT-BLOWER-00802,"Blower Motor, 1/3 HP",Motor,235.25,B,25,65,2026-04-07
HVAC-MSC-NITROG-00803,"Nitrogen Regulator, 3/4 in.",Miscellaneous,142.2,C,14,29,2026-01-02
HVAC-COMP-ROTARY-00804,"Rotary Compressor, 2 Ton 208V",Compressor,1955.43,C,9,20,2026-01-05
HVAC-REF-R407C-00805,"R-407C, 12oz can",Refrigerant,227.35,B,18,37,2026-02-05
HVAC-COMP-VARIAB-00806,"Variable Speed Compressor, 2.5 Ton 230V",Compressor,1218.26,B,22,49,2026-03-08
HVAC-CU-SOFT-00807,"Soft Copper Tubing, 7/8 in. x 50ft",Copper Tubing,214.96,C,10,19,2026-02-24
HVAC-MOT-BLOWER-00808,"Blower Motor, 1/2 HP",Motor,205.12,C,9,22,2026-02-01
HVAC-COMP-RECIPR-00809,"Reciprocating Compressor, 5 Ton 460V",Compressor,2592.76,B,30,56,2026-03-18
HVAC-COMP-RECIPR-00810,"Reciprocating Compressor, 4 Ton 460V",Compressor,3226.26,C,11,31,2026-01-29
HVAC-CU-HARD-00811,"Hard Copper Tubing, 1/2 in. x 50ft",Copper Tubing,133.74,A,58,106,2026-05-15
HVAC-REF-R22-00812,"R-22, 12oz can",Refrigerant,310.91,C,2,3,2026-02-09
HVAC-MOT-BLOWER-00813,"Blower Motor, 1/6 HP",Motor,190.26,A,79,224,2026-05-02
HVAC-MOT-BLOWER-00814,"Blower Motor, 1/4 HP",Motor,197.02,B,13,22,2026-02-08
HVAC-CU-SOFT-00815,"Soft Copper Tubing, 3/8 in. x 50ft",Copper Tubing,279.26,C,6,16,2026-01-23
HVAC-CTL-CONTAC-00816,"Contactor, 45 MFD",Controls,72.02,A,64,98,2026-05-15
HVAC-REF-R448A-00817,"R-448A, 30lb tank",Refrigerant,491.33,C,7,18,2026-01-10
HVAC-CTL-RELAY-00818,"Relay, 40A",Controls,74.16,B,19,56,2026-04-19
HVAC-CTL-PROGRA-00819,"Programmable Thermostat, Two Stage",Controls,200.41,C,2,5,2026-01-02
HVAC-CTL-DEFROS-00820,"Defrost Control Board, Heat Pump",Controls,104.17,A,44,69,2026-03-30
HVAC-CU-HARD-00821,"Hard Copper Tubing, 1/4 in. x 50ft",Copper Tubing,52.29,C,11,29,2026-01-17
HVAC-MOT-ECM-00822,"ECM Motor, 1/3 HP",Motor,163.2,C,5,10,2026-01-13
HVAC-CTL-DEFROS-00823,"Defrost Control Board, 24V",Controls,47.32,B,25,39,2026-03-26
HVAC-MSC-NITROG-00824,"Nitrogen Regulator, 1/2 in.",Miscellaneous,10.45,C,6,13,2026-02-05
HVAC-COMP-SCROLL-00825,"Scroll Compressor, 5 Ton 460V",Compressor,729.31,B,22,59,2026-04-05
HVAC-REF-R32-00826,"R-32, 100lb cylinder",Refrigerant,198.01,A,59,120,2026-05-02
HVAC-COMP-RECIPR-00827,"Reciprocating Compressor, 5 Ton 460V",Compressor,988.08,A,83,131,2026-05-12
HVAC-MOT-CONDEN-00828,"Condenser Fan Motor, 1/2 HP",Motor,204.94,B,16,39,2026-03-30
HVAC-CTL-CAPACI-00829,"Capacitor, 120V",Controls,113.29,A,60,170,2026-04-29
HVAC-CTL-RELAY-00830,"Relay, Single Stage",Controls,44.81,B,13,32,2026-04-12
HVAC-CU-HARD-00831,"Hard Copper Tubing, 1/4 in. x 50ft",Copper Tubing,88.97,C,9,24,2025-12-17
HVAC-COMP-SCROLL-00832,"Scroll Compressor, 3.5 Ton 230V",Compressor,854.1,A,43,107,2026-05-10
HVAC-COMP-RECIPR-00833,"Reciprocating Compressor, 3 Ton 230V",Compressor,2670.81,C,6,17,2026-01-16
HVAC-CTL-SMART-00834,"Smart Thermostat, Two Stage",Controls,135.62,C,13,28,2026-01-21
HVAC-CU-SOFT-00835,"Soft Copper Tubing, 1-1/8 in. x 50ft",Copper Tubing,161.23,B,9,19,2026-01-21
HVAC-MOT-ECM-00836,"ECM Motor, 1/3 HP",Motor,296.35,C,2,5,2026-01-20
HVAC-REF-R404A-00837,"R-404A, 50lb jug",Refrigerant,308.91,B,27,63,2026-02-21
HVAC-COMP-VARIAB-00838,"Variable Speed Compressor, 2 Ton 208V",Compressor,899.26,A,36,100,2026-05-10
HVAC-MSC-REFRIG-00839,"Refrigerant Recovery Tank, 1/2 in.",Miscellaneous,79.5,B,16,40,2026-02-12
HVAC-CU-HARD-00840,"Hard Copper Tubing, 3/8 in. x 50ft",Copper Tubing,281.29,C,12,25,2025-12-23
HVAC-MOT-ECM-00841,"ECM Motor, 1/2 HP",Motor,531.7,A,68,125,2026-05-10
HVAC-MOT-PSC-00842,"PSC Motor, 1/3 HP",Motor,146.53,C,10,18,2025-12-07
HVAC-CTL-PROGRA-00843,"Programmable Thermostat, 45 MFD",Controls,119.64,B,28,43,2026-02-26
HVAC-CTL-CAPACI-00844,"Capacitor, 120V",Controls,48.58,B,29,57,2026-02-15
HVAC-CTL-CAPACI-00845,"Capacitor, 70 MFD",Controls,76.38,C,6,9,2026-01-11
HVAC-CU-ACR-00846,"ACR Copper, 5/8 in. x 50ft",Copper Tubing,71.23,C,14,27,2026-02-12
HVAC-CU-HARD-00847,"Hard Copper Tubing, 1/2 in. x 50ft",Copper Tubing,122.54,B,21,33,2026-03-05
HVAC-CTL-DEFROS-00848,"Defrost Control Board, 30A",Controls,87.3,C,11,17,2026-01-10
HVAC-CTL-PRESSU-00849,"Pressure Switch, 30A",Controls,385.0,C,8,16,2026-01-30
HVAC-CTL-CONTAC-00850,"Contactor, 24V",Controls,70.63,B,26,50,2026-02-23
HVAC-REF-R410A-00851,"R-410A, 25lb cylinder",Refrigerant,189.28,C,14,39,2026-01-04
HVAC-REF-R22-00852,"R-22, 100lb cylinder",Refrigerant,341.28,B,28,54,2026-02-25
HVAC-MOT-INDUCE-00853,"Inducer Motor, 1/2 HP",Motor,227.35,A,63,154,2026-05-15
HVAC-MSC-SIGHT-00854,"Sight Glass, 1 in.",Miscellaneous,40.27,C,8,19,2026-02-02
HVAC-MSC-DRAIN-00855,"Drain Pan, Heavy Duty",Miscellaneous,99.69,C,2,3,2025-12-24
HVAC-CTL-FURNAC-00856,"Furnace Control Board, 45 MFD",Controls,89.8,B,25,64,2026-03-12
HVAC-CU-ACR-00857,"ACR Copper, 1/4 in. x 50ft",Copper Tubing,76.61,B,16,24,2026-02-28
HVAC-REF-R404A-00858,"R-404A, 100lb cylinder",Refrigerant,177.93,C,12,35,2025-12-12
HVAC-MOT-ECM-00859,"ECM Motor, 1/6 HP",Motor,225.98,A,62,100,2026-02-10
HVAC-CTL-FURNAC-00860,"Furnace Control Board, Heat Pump",Controls,26.67,C,10,18,2026-02-19
HVAC-CU-HARD-00861,"Hard Copper Tubing, 1-1/8 in. x 50ft",Copper Tubing,254.61,C,7,11,2026-01-26
HVAC-MOT-BLOWER-00862,"Blower Motor, 1/2 HP",Motor,431.4,A,2,3,2026-03-20
HVAC-MSC-SCHRAD-00863,"Schrader Valve Core, Standard",Miscellaneous,57.79,B,13,32,2026-04-16
HVAC-REF-R410A-00864,"R-410A, 100lb cylinder",Refrigerant,165.25,C,11,18,2026-01-02
HVAC-CTL-SMART-00865,"Smart Thermostat, 45 MFD",Controls,46.32,A,84,214,2026-04-03
HVAC-CU-ACR-00866,"ACR Copper, 7/8 in. x 50ft",Copper Tubing,146.26,C,9,21,2025-11-27
HVAC-CU-ACR-00867,"ACR Copper, 1-1/8 in. x 50ft",Copper Tubing,111.65,B,16,38,2026-04-19
HVAC-REF-R134A-00868,"R-134a, 12oz can",Refrigerant,217.29,C,9,21,2026-01-12
HVAC-COMP-SCROLL-00869,"Scroll Compressor, 5 Ton 460V",Compressor,889.93,A,32,50,2026-04-18
HVAC-MOT-BLOWER-00870,"Blower Motor, 1 HP",Motor,232.22,C,5,12,2026-02-18
HVAC-CTL-CONTAC-00871,"Contactor, 70 MFD",Controls,91.26,C,14,26,2026-01-11
HVAC-REF-R32-00872,"R-32, 100lb cylinder",Refrigerant,393.59,C,3,6,2025-12-02
HVAC-REF-R404A-00873,"R-404A, 30lb tank",Refrigerant,330.4,A,39,69,2026-02-25
HVAC-CTL-CAPACI-00874,"Capacitor, 45 MFD",Controls,106.08,C,13,19,2025-12-24
HVAC-MOT-DIRECT-00875,"Direct Drive Motor, 1/6 HP",Motor,193.28,B,17,45,2026-03-10
HVAC-CU-SOFT-00876,"Soft Copper Tubing, 7/8 in. x 50ft",Copper Tubing,72.38,B,29,76,2026-03-31
HVAC-MSC-REFRIG-00877,"Refrigerant Recovery Tank, Standard",Miscellaneous,135.27,C,2,5,2026-02-09
HVAC-REF-R454B-00878,"R-454B, 25lb cylinder",Refrigerant,204.49,B,17,35,2026-02-24
HVAC-COMP-VARIAB-00879,"Variable Speed Compressor, 2 Ton 208V",Compressor,1373.56,A,46,103,2026-05-03
HVAC-CU-LINE-00880,"Line Set, 1/2 in. x 50ft",Copper Tubing,140.66,C,4,6,2026-02-08
HVAC-CU-SOFT-00881,"Soft Copper Tubing, 1/4 in. x 50ft",Copper Tubing,58.53,C,7,14,2025-12-18
HVAC-REF-R454B-00882,"R-454B, 50lb jug",Refrigerant,190.88,B,35,95,2026-03-20
HVAC-CTL-DEFROS-00883,"Defrost Control Board, 40A",Controls,86.93,C,8,23,2025-12-29
HVAC-MSC-SCHRAD-00884,"Schrader Valve Core, Standard",Miscellaneous,44.47,C,4,8,2025-12-05
HVAC-MOT-PSC-00885,"PSC Motor, 1 HP",Motor,539.71,B,13,27,2026-03-16
HVAC-REF-R454B-00886,"R-454B, 100lb cylinder",Refrigerant,319.44,C,5,14,2025-11-17
HVAC-CU-HARD-00887,"Hard Copper Tubing, 7/8 in. x 50ft",Copper Tubing,211.42,A,13,35,2026-03-29
HVAC-CU-LINE-00888,"Line Set, 1-1/8 in. x 50ft",Copper Tubing,78.3,C,8,16,2025-12-20
HVAC-MOT-ECM-00889,"ECM Motor, 1/4 HP",Motor,226.45,A,34,58,2026-05-02
HVAC-MOT-CONDEN-00890,"Condenser Fan Motor, 1/2 HP",Motor,595.51,C,3,8,2025-12-29
HVAC-CU-LINE-00891,"Line Set, 3/8 in. x 50ft",Copper Tubing,252.42,A,49,119,2026-05-11
HVAC-CU-ACR-00892,"ACR Copper, 5/8 in. x 50ft",Copper Tubing,143.14,A,61,102,2026-04-16
HVAC-CTL-FURNAC-00893,"Furnace Control Board, 24V",Controls,73.74,A,61,95,2026-05-11
HVAC-REF-R410A-00894,"R-410A, 30lb tank",Refrigerant,308.71,A,2,5,2026-04-03
HVAC-CU-HARD-00895,"Hard Copper Tubing, 1/4 in. x 50ft",Copper Tubing,118.75,A,77,225,2026-04-23
HVAC-COMP-VARIAB-00896,"Variable Speed Compressor, 2 Ton 208V",Compressor,995.54,B,16,33,2026-01-16
HVAC-CU-LINE-00897,"Line Set, 7/8 in. x 50ft",Copper Tubing,77.82,C,8,22,2026-01-25
HVAC-MOT-BLOWER-00898,"Blower Motor, 1/6 HP",Motor,136.92,B,15,40,2026-03-22
HVAC-MOT-PSC-00899,"PSC Motor, 3/4 HP",Motor,206.58,C,9,18,2025-12-11
HVAC-MSC-BRAZIN-00900,"Brazing Rod, Heavy Duty",Miscellaneous,54.72,B,31,82,2026-02-23
HVAC-CU-LINE-00901,"Line Set, 3/8 in. x 50ft",Copper Tubing,200.74,A,19,55,2026-03-08
HVAC-MSC-DRAIN-00902,"Drain Pan, 1 in.",Miscellaneous,209.47,B,27,63,2026-02-20
HVAC-MOT-BLOWER-00903,"Blower Motor, 3/4 HP",Motor,137.52,B,31,70,2026-02-21
HVAC-CU-SOFT-00904,"Soft Copper Tubing, 1/4 in. x 50ft",Copper Tubing,159.74,C,4,6,2026-01-13
HVAC-MOT-DIRECT-00905,"Direct Drive Motor, 3/4 HP",Motor,158.05,B,15,31,2026-03-20
HVAC-MOT-PSC-00906,"PSC Motor, 1/2 HP",Motor,202.36,A,38,78,2026-05-15
HVAC-CTL-PRESSU-00907,"Pressure Switch, 120V",Controls,290.46,C,7,15,2026-01-06
HVAC-REF-R22-00908,"R-22, 50lb jug",Refrigerant,611.17,C,14,41,2026-01-07
HVAC-MOT-BLOWER-00909,"Blower Motor, 1/3 HP",Motor,347.72,C,14,21,2025-12-27
HVAC-COMP-RECIPR-00910,"Reciprocating Compressor, 4 Ton 460V",Compressor,1086.54,C,7,11,2026-01-13
HVAC-MSC-NITROG-00911,"Nitrogen Regulator, Standard",Miscellaneous,44.37,A,17,34,2026-04-18
HVAC-CU-HARD-00912,"Hard Copper Tubing, 5/8 in. x 50ft",Copper Tubing,187.01,A,7,14,2026-03-23
HVAC-CTL-FURNAC-00913,"Furnace Control Board, Two Stage",Controls,186.62,C,2,3,2026-01-19
HVAC-MOT-ECM-00914,"ECM Motor, 1 HP",Motor,148.26,C,6,11,2025-12-03
HVAC-CU-HARD-00915,"Hard Copper Tubing, 5/8 in. x 50ft",Copper Tubing,157.11,A,22,36,2026-05-05
HVAC-MOT-BLOWER-00916,"Blower Motor, 1/2 HP",Motor,266.63,B,15,33,2026-02-22
HVAC-MOT-BLOWER-00917,"Blower Motor, 1/6 HP",Motor,582.32,B,12,32,2026-04-08
HVAC-MOT-ECM-00918,"ECM Motor, 1/3 HP",Motor,217.46,C,8,16,2026-01-23
HVAC-CTL-FURNAC-00919,"Furnace Control Board, 45 MFD",Controls,37.32,B,15,38,2026-02-08
HVAC-MOT-BLOWER-00920,"Blower Motor, 1/3 HP",Motor,510.41,B,6,16,2026-02-24
HVAC-CTL-PRESSU-00921,"Pressure Switch, 120V",Controls,104.29,A,53,90,2026-04-30
HVAC-MOT-CONDEN-00922,"Condenser Fan Motor, 1/2 HP",Motor,399.28,A,5,14,2026-04-08
HVAC-MSC-REFRIG-00923,"Refrigerant Recovery Tank, 1 in.",Miscellaneous,12.27,A,57,119,2026-05-11
HVAC-MOT-DIRECT-00924,"Direct Drive Motor, 1/2 HP",Motor,170.4,B,10,21,2026-03-11
HVAC-CU-HARD-00925,"Hard Copper Tubing, 7/8 in. x 50ft",Copper Tubing,361.03,C,11,25,2026-02-23
HVAC-CU-ACR-00926,"ACR Copper, 7/8 in. x 50ft",Copper Tubing,106.31,B,10,18,2026-01-13
HVAC-MOT-PSC-00927,"PSC Motor, 1 HP",Motor,476.8,C,11,25,2026-01-26
HVAC-CTL-CONTAC-00928,"Contactor, 120V",Controls,134.46,A,28,72,2026-03-17
HVAC-REF-R32-00929,"R-32, 30lb tank",Refrigerant,291.1,C,7,11,2025-11-10
HVAC-CU-SOFT-00930,"Soft Copper Tubing, 1/4 in. x 50ft",Copper Tubing,87.85,A,18,34,2026-04-12
HVAC-CTL-CAPACI-00931,"Capacitor, Two Stage",Controls,385.0,C,7,13,2026-01-16
HVAC-REF-R448A-00932,"R-448A, 100lb cylinder",Refrigerant,341.61,C,8,13,2026-01-13
HVAC-REF-R410A-00933,"R-410A, 25lb cylinder",Refrigerant,158.43,A,67,141,2026-02-26
HVAC-COMP-RECIPR-00934,"Reciprocating Compressor, 3.5 Ton 230V",Compressor,2161.45,B,20,56,2026-03-01
HVAC-MSC-BRAZIN-00935,"Brazing Rod, 1 in.",Miscellaneous,93.39,B,30,64,2026-02-25
HVAC-COMP-VARIAB-00936,"Variable Speed Compressor, 4 Ton 460V",Compressor,1545.29,C,8,15,2026-02-11
HVAC-MSC-SCHRAD-00937,"Schrader Valve Core, 3/4 in.",Miscellaneous,55.94,C,5,9,2026-01-29
HVAC-CTL-PROGRA-00938,"Programmable Thermostat, Single Stage",Controls,304.81,A,76,123,2026-03-03
HVAC-CU-LINE-00939,"Line Set, 3/8 in. x 50ft",Copper Tubing,67.57,C,3,5,2026-01-08
HVAC-CTL-PRESSU-00940,"Pressure Switch, 30A",Controls,169.57,A,42,121,2026-03-25
HVAC-COMP-VARIAB-00941,"Variable Speed Compressor, 2 Ton 208V",Compressor,1785.56,B,19,44,2026-02-10
HVAC-CTL-SMART-00942,"Smart Thermostat, 30A",Controls,171.75,C,11,31,2026-02-04
HVAC-CTL-RELAY-00943,"Relay, Single Stage",Controls,145.91,B,17,31,2026-02-23
HVAC-CU-LINE-00944,"Line Set, 1/4 in. x 50ft",Copper Tubing,356.93,B,20,52,2026-02-15
HVAC-REF-R134A-00945,"R-134a, 25lb cylinder",Refrigerant,185.54,C,5,9,2026-02-22
HVAC-MSC-REFRIG-00946,"Refrigerant Recovery Tank, Standard",Miscellaneous,47.67,C,8,21,2026-01-15
HVAC-REF-R407C-00947,"R-407C, 100lb cylinder",Refrigerant,302.78,C,10,29,2025-12-15
HVAC-MSC-BRAZIN-00948,"Brazing Rod, 1 in.",Miscellaneous,25.9,C,7,16,2025-12-12
HVAC-CTL-CONTAC-00949,"Contactor, Heat Pump",Controls,135.77,A,50,98,2026-05-15
HVAC-CTL-CAPACI-00950,"Capacitor, 40A",Controls,261.79,C,4,8,2026-01-31
HVAC-MSC-REFRIG-00951,"Refrigerant Recovery Tank, 1 in.",Miscellaneous,76.13,A,33,88,2026-05-06
HVAC-MSC-NITROG-00952,"Nitrogen Regulator, 3/4 in.",Miscellaneous,40.32,C,10,27,2025-12-31
HVAC-CTL-PRESSU-00953,"Pressure Switch, 24V",Controls,91.75,A,19,30,2026-05-15
HVAC-CU-HARD-00954,"Hard Copper Tubing, 3/8 in. x 50ft",Copper Tubing,73.34,B,19,51,2026-03-27
HVAC-CTL-PROGRA-00955,"Programmable Thermostat, Two Stage",Controls,42.34,C,6,16,2025-12-24
HVAC-REF-R454B-00956,"R-454B, 25lb cylinder",Refrigerant,304.57,C,9,26,2025-12-30
HVAC-COMP-VARIAB-00957,"Variable Speed Compressor, 2.5 Ton 230V",Compressor,940.91,C,4,9,2025-12-11
HVAC-COMP-ROTARY-00958,"Rotary Compressor, 4 Ton 460V",Compressor,1429.03,A,94,254,2026-04-30
HVAC-MOT-PSC-00959,"PSC Motor, 1/2 HP",Motor,162.09,B,18,44,2026-02-26
HVAC-MOT-CONDEN-00960,"Condenser Fan Motor, 1/2 HP",Motor,299.13,B,24,66,2026-03-10
HVAC-MOT-CONDEN-00961,"Condenser Fan Motor, 1/2 HP",Motor,247.67,A,58,151,2026-05-09
HVAC-CTL-CAPACI-00962,"Capacitor, 70 MFD",Controls,41.73,C,10,15,2026-01-12
HVAC-MSC-NITROG-00963,"Nitrogen Regulator, Standard",Miscellaneous,48.85,C,7,19,2025-11-26
HVAC-REF-R448A-00964,"R-448A, 25lb cylinder",Refrigerant,166.93,C,6,10,2026-01-06
HVAC-CU-HARD-00965,"Hard Copper Tubing, 1/4 in. x 50ft",Copper Tubing,216.26,A,51,122,2026-03-06
HVAC-REF-R134A-00966,"R-134a, 25lb cylinder",Refrigerant,479.6,C,7,11,2025-12-28
HVAC-CTL-FURNAC-00967,"Furnace Control Board, Heat Pump",Controls,131.08,A,59,150,2026-03-28
HVAC-MOT-BLOWER-00968,"Blower Motor, 1/4 HP",Motor,321.32,B,17,35,2026-03-21
HVAC-MSC-SIGHT-00969,"Sight Glass, Heavy Duty",Miscellaneous,57.59,A,51,124,2026-04-16
HVAC-CU-HARD-00970,"Hard Copper Tubing, 3/4 in. x 50ft",Copper Tubing,75.37,B,13,34,2026-03-10
HVAC-REF-R410A-00971,"R-410A, 30lb tank",Refrigerant,290.34,B,11,16,2026-03-14
HVAC-CTL-DEFROS-00972,"Defrost Control Board, 40A",Controls,101.03,C,8,16,2026-02-15
HVAC-MSC-DRAIN-00973,"Drain Pan, 3/4 in.",Miscellaneous,21.59,C,2,5,2025-12-18
HVAC-CU-ACR-00974,"ACR Copper, 7/8 in. x 50ft",Copper Tubing,425.0,C,15,37,2026-01-15
HVAC-CU-SOFT-00975,"Soft Copper Tubing, 1/2 in. x 50ft",Copper Tubing,106.17,C,3,6,2025-11-28
HVAC-REF-R410A-00976,"R-410A, 100lb cylinder",Refrigerant,196.9,C,9,19,2025-12-29
HVAC-MSC-DRAIN-00977,"Drain Pan, Standard",Miscellaneous,93.11,C,2,5,2026-01-18
HVAC-CU-LINE-00978,"Line Set, 3/4 in. x 50ft",Copper Tubing,53.66,C,8,16,2025-12-22
HVAC-COMP-SCROLL-00979,"Scroll Compressor, 5 Ton 460V",Compressor,1253.34,B,8,12,2026-03-17
HVAC-REF-R134A-00980,"R-134a, 50lb jug",Refrigerant,190.5,C,9,19,2026-01-02
HVAC-CTL-PROGRA-00981,"Programmable Thermostat, 120V",Controls,86.43,C,8,16,2026-02-06
HVAC-REF-R448A-00982,"R-448A, 12oz can",Refrigerant,523.22,A,20,31,2026-05-05
HVAC-COMP-VARIAB-00983,"Variable Speed Compressor, 4 Ton 460V",Compressor,1551.69,C,7,18,2026-01-22
HVAC-MOT-ECM-00984,"ECM Motor, 3/4 HP",Motor,164.05,B,4,11,2026-03-04
HVAC-CTL-PROGRA-00985,"Programmable Thermostat, 30A",Controls,288.34,B,18,53,2026-01-28
HVAC-MSC-LINE-00986,"Line Set Insulation, Heavy Duty",Miscellaneous,57.2,C,7,16,2026-01-31
HVAC-CU-ACR-00987,"ACR Copper, 1/2 in. x 50ft",Copper Tubing,171.42,B,22,44,2026-03-21
HVAC-CTL-DEFROS-00988,"Defrost Control Board, Two Stage",Controls,117.37,C,6,9,2025-12-16
HVAC-REF-R410A-00989,"R-410A, 100lb cylinder",Refrigerant,206.18,C,4,7,2026-01-30
HVAC-CU-LINE-00990,"Line Set, 1-1/8 in. x 50ft",Copper Tubing,57.19,C,9,25,2026-02-25
HVAC-REF-R410A-00991,"R-410A, 25lb cylinder",Refrigerant,161.65,A,49,97,2026-03-29
HVAC-COMP-VARIAB-00992,"Variable Speed Compressor, 1.5 Ton 208V",Compressor,1237.61,C,6,10,2026-02-06
HVAC-CU-ACR-00993,"ACR Copper, 1/2 in. x 50ft",Copper Tubing,68.75,A,42,102,2026-04-13
HVAC-MSC-REFRIG-00994,"Refrigerant Recovery Tank, 3/4 in.",Miscellaneous,52.3,C,12,21,2025-12-27
HVAC-REF-R404A-00995,"R-404A, 25lb cylinder",Refrigerant,213.01,C,13,37,2026-01-09
HVAC-CU-SOFT-00996,"Soft Copper Tubing, 1-1/8 in. x 50ft",Copper Tubing,103.34,C,8,16,2026-02-04
HVAC-CU-HARD-00997,"Hard Copper Tubing, 3/8 in. x 50ft",Copper Tubing,72.65,A,68,118,2026-05-15
HVAC-MSC-BRAZIN-00998,"Brazing Rod, Standard",Miscellaneous,27.3,B,24,64,2026-03-06
HVAC-CTL-CONTAC-00999,"Contactor, Single Stage",Controls,28.68,B,26,45,2026-02-02
HVAC-REF-R32-01000,"R-32, 100lb cylinder",Refrigerant,181.48,C,8,12,2026-02-11
HVAC-MOT-PSC-01001,"PSC Motor, 1/2 HP",Motor,121.58,A,47,73,2026-04-10
HVAC-COMP-RECIPR-01002,"Reciprocating Compressor, 4 Ton 460V",Compressor,1112.39,B,10,29,2026-03-16
HVAC-MSC-REFRIG-01003,"Refrigerant Recovery Tank, 1 in.",Miscellaneous,55.31,C,12,24,2026-01-25
HVAC-CU-SOFT-01004,"Soft Copper Tubing, 1-1/8 in. x 50ft",Copper Tubing,68.65,B,23,36,2026-02-05
HVAC-CU-LINE-01005,"Line Set, 3/4 in. x 50ft",Copper Tubing,142.35,B,10,24,2026-04-03
HVAC-REF-R22-01006,"R-22, 12oz can",Refrigerant,174.87,B,16,33,2026-02-04
HVAC-REF-R448A-01007,"R-448A, 12oz can",Refrigerant,300.46,C,7,12,2026-01-19
HVAC-CTL-PRESSU-01008,"Pressure Switch, Heat Pump",Controls,143.29,B,9,18,2026-01-25
HVAC-COMP-VARIAB-01009,"Variable Speed Compressor, 1.5 Ton 208V",Compressor,2012.41,C,6,13,2025-12-28
HVAC-MOT-PSC-01010,"PSC Motor, 1/3 HP",Motor,173.89,B,23,35,2026-02-02
HVAC-MOT-INDUCE-01011,"Inducer Motor, 1/4 HP",Motor,144.12,A,27,42,2026-03-23
HVAC-MOT-PSC-01012,"PSC Motor, 1 HP",Motor,133.31,B,24,41,2026-03-25
HVAC-REF-R404A-01013,"R-404A, 25lb cylinder",Refrigerant,232.37,C,6,17,2026-01-17
HVAC-CTL-PROGRA-01014,"Programmable Thermostat, 70 MFD",Controls,77.84,A,45,130,2026-04-30
HVAC-CU-LINE-01015,"Line Set, 5/8 in. x 50ft",Copper Tubing,81.04,B,25,58,2026-03-27
HVAC-REF-R22-01016,"R-22, 50lb jug",Refrigerant,268.7,C,11,19,2026-02-14
HVAC-MOT-PSC-01017,"PSC Motor, 3/4 HP",Motor,228.32,A,45,92,2026-04-06
HVAC-REF-R32-01018,"R-32, 100lb cylinder",Refrigerant,188.87,A,73,114,2026-03-28
HVAC-CTL-PRESSU-01019,"Pressure Switch, 40A",Controls,90.44,C,7,12,2026-02-21
HVAC-CU-SOFT-01020,"Soft Copper Tubing, 1-1/8 in. x 50ft",Copper Tubing,129.69,C,8,23,2026-02-26
HVAC-CU-ACR-01021,"ACR Copper, 1/2 in. x 50ft",Copper Tubing,76.11,B,15,30,2026-05-15
HVAC-CTL-DEFROS-01022,"Defrost Control Board, Single Stage",Controls,85.14,C,10,20,2025-12-24
HVAC-CU-LINE-01023,"Line Set, 1-1/8 in. x 50ft",Copper Tubing,150.27,B,29,59,2026-03-12
HVAC-REF-R22-01024,"R-22, 30lb tank",Refrigerant,512.73,C,10,20,2025-12-31
HVAC-MSC-BRAZIN-01025,"Brazing Rod, 1 in.",Miscellaneous,59.35,C,7,17,2026-01-25
HVAC-REF-R410A-01026,"R-410A, 30lb tank",Refrigerant,582.73,B,17,30,2026-02-01
HVAC-CTL-SMART-01027,"Smart Thermostat, 24V",Controls,36.71,A,55,99,2026-03-11
HVAC-REF-R32-01028,"R-32, 30lb tank",Refrigerant,414.28,B,13,38,2026-04-13
HVAC-REF-R404A-01029,"R-404A, 12oz can",Refrigerant,242.69,B,12,34,2026-05-10
HVAC-CU-SOFT-01030,"Soft Copper Tubing, 5/8 in. x 50ft",Copper Tubing,315.99,C,8,13,2026-01-19
HVAC-REF-R407C-01031,"R-407C, 100lb cylinder",Refrigerant,145.97,C,10,27,2026-02-09
HVAC-MOT-ECM-01032,"ECM Motor, 3/4 HP",Motor,141.21,B,21,54,2026-02-18
HVAC-REF-R32-01033,"R-32, 30lb tank",Refrigerant,554.0,C,2,4,2025-12-20
HVAC-REF-R410A-01034,"R-410A, 25lb cylinder",Refrigerant,218.32,C,5,10,2026-01-01
HVAC-CTL-PRESSU-01035,"Pressure Switch, Single Stage",Controls,168.54,A,73,146,2026-04-23
HVAC-CU-HARD-01036,"Hard Copper Tubing, 1-1/8 in. x 50ft",Copper Tubing,146.7,C,9,15,2026-01-17
HVAC-CU-ACR-01037,"ACR Copper, 1/4 in. x 50ft",Copper Tubing,66.32,B,22,53,2026-01-20
HVAC-REF-R32-01038,"R-32, 12oz can",Refrigerant,199.9,B,15,35,2026-03-09
HVAC-REF-R407C-01039,"R-407C, 100lb cylinder",Refrigerant,228.19,C,9,19,2025-12-19
HVAC-CTL-PRESSU-01040,"Pressure Switch, 45 MFD",Controls,80.49,C,10,19,2026-01-26
HVAC-COMP-RECIPR-01041,"Reciprocating Compressor, 2.5 Ton 230V",Compressor,1578.23,B,39,93,2026-02-03
HVAC-CTL-DEFROS-01042,"Defrost Control Board, Two Stage",Controls,62.11,C,4,10,2026-01-02
HVAC-COMP-ROTARY-01043,"Rotary Compressor, 1.5 Ton 208V",Compressor,1379.75,C,8,19,2026-01-07
HVAC-CTL-CONTAC-01044,"Contactor, 120V",Controls,110.48,A,29,64,2026-03-17
HVAC-COMP-VARIAB-01045,"Variable Speed Compressor, 3.5 Ton 230V",Compressor,3209.08,A,8,18,2026-04-12
HVAC-REF-R410A-01046,"R-410A, 25lb cylinder",Refrigerant,326.98,A,39,84,2026-03-03
HVAC-COMP-VARIAB-01047,"Variable Speed Compressor, 1.5 Ton 208V",Compressor,958.77,C,9,18,2026-02-22
HVAC-MSC-LINE-01048,"Line Set Insulation, 3/4 in.",Miscellaneous,14.82,C,8,23,2026-03-03
HVAC-REF-R448A-01049,"R-448A, 12oz can",Refrigerant,220.87,A,50,130,2026-04-27
HVAC-CTL-RELAY-01050,"Relay, 45 MFD",Controls,48.15,C,7,16,2026-01-10
HVAC-CTL-CONTAC-01051,"Contactor, 30A",Controls,104.11,A,48,102,2026-05-15
HVAC-COMP-VARIAB-01052,"Variable Speed Compressor, 5 Ton 460V",Compressor,1071.68,C,10,26,2026-01-10
HVAC-COMP-RECIPR-01053,"Reciprocating Compressor, 1.5 Ton 208V",Compressor,777.12,B,20,33,2026-03-23
HVAC-MSC-REFRIG-01054,"Refrigerant Recovery Tank, 3/4 in.",Miscellaneous,44.42,B,15,31,2026-03-19
HVAC-REF-R410A-01055,"R-410A, 50lb jug",Refrigerant,351.4,C,7,16,2026-01-24
HVAC-COMP-SCROLL-01056,"Scroll Compressor, 5 Ton 460V",Compressor,689.35,C,10,20,2026-01-27
HVAC-CU-SOFT-01057,"Soft Copper Tubing, 7/8 in. x 50ft",Copper Tubing,96.36,A,54,159,2026-04-29
HVAC-MOT-BLOWER-01058,"Blower Motor, 1/6 HP",Motor,477.92,B,26,56,2026-02-13
HVAC-COMP-ROTARY-01059,"Rotary Compressor, 3 Ton 230V",Compressor,774.69,C,13,24,2026-01-13
HVAC-MSC-REFRIG-01060,"Refrigerant Recovery Tank, 3/4 in.",Miscellaneous,64.83,C,7,20,2026-01-11
HVAC-REF-R404A-01061,"R-404A, 30lb tank",Refrigerant,192.24,C,10,18,2025-11-16
HVAC-REF-R22-01062,"R-22, 25lb cylinder",Refrigerant,397.51,C,6,9,2025-12-24
HVAC-MOT-ECM-01063,"ECM Motor, 1/2 HP",Motor,685.0,B,30,48,2026-04-16
HVAC-REF-R454B-01064,"R-454B, 12oz can",Refrigerant,312.37,C,8,18,2026-02-05
HVAC-CU-ACR-01065,"ACR Copper, 1/4 in. x 50ft",Copper Tubing,123.58,C,6,16,2025-12-06
HVAC-MOT-CONDEN-01066,"Condenser Fan Motor, 1/4 HP",Motor,301.93,A,55,108,2026-05-14
HVAC-COMP-ROTARY-01067,"Rotary Compressor, 4 Ton 460V",Compressor,1543.55,B,26,50,2026-02-06
HVAC-CU-ACR-01068,"ACR Copper, 5/8 in. x 50ft",Copper Tubing,149.42,C,5,12,2026-02-18
HVAC-MSC-NITROG-01069,"Nitrogen Regulator, 1/2 in.",Miscellaneous,42.65,A,48,105,2026-04-27
HVAC-COMP-VARIAB-01070,"Variable Speed Compressor, 3.5 Ton 230V",Compressor,1116.73,C,7,14,2025-12-26
HVAC-COMP-ROTARY-01071,"Rotary Compressor, 2 Ton 208V",Compressor,986.72,C,6,9,2026-01-09
HVAC-MOT-ECM-01072,"ECM Motor, 3/4 HP",Motor,406.32,B,18,37,2026-02-13
HVAC-REF-R404A-01073,"R-404A, 25lb cylinder",Refrigerant,261.55,C,7,20,2026-01-06
HVAC-CTL-CAPACI-01074,"Capacitor, 24V",Controls,42.67,C,12,23,2026-01-13
HVAC-CTL-SMART-01075,"Smart Thermostat, 40A",Controls,89.27,A,70,202,2026-04-01
HVAC-MOT-PSC-01076,"PSC Motor, 1/2 HP",Motor,279.7,C,6,12,2026-01-14
HVAC-CTL-CONTAC-01077,"Contactor, 24V",Controls,81.6,C,4,11,2026-02-07
HVAC-CTL-PRESSU-01078,"Pressure Switch, 40A",Controls,182.36,A,67,181,2026-04-22
HVAC-CU-ACR-01079,"ACR Copper, 3/4 in. x 50ft",Copper Tubing,125.89,B,28,49,2026-03-11
HVAC-COMP-VARIAB-01080,"Variable Speed Compressor, 2 Ton 208V",Compressor,2401.68,C,5,10,2025-12-03
HVAC-CU-SOFT-01081,"Soft Copper Tubing, 3/4 in. x 50ft",Copper Tubing,61.26,C,5,7,2025-12-23
HVAC-CU-SOFT-01082,"Soft Copper Tubing, 5/8 in. x 50ft",Copper Tubing,99.69,C,2,4,2026-01-22
HVAC-COMP-RECIPR-01083,"Reciprocating Compressor, 3.5 Ton 230V",Compressor,872.57,B,20,56,2026-03-22
HVAC-CU-SOFT-01084,"Soft Copper Tubing, 1/2 in. x 50ft",Copper Tubing,130.09,C,4,10,2026-02-02
HVAC-REF-R404A-01085,"R-404A, 12oz can",Refrigerant,649.76,C,8,12,2026-03-17
HVAC-CU-SOFT-01086,"Soft Copper Tubing, 5/8 in. x 50ft",Copper Tubing,197.18,C,12,35,2026-01-13
HVAC-MOT-INDUCE-01087,"Inducer Motor, 1 HP",Motor,182.79,B,20,57,2026-05-13
HVAC-CU-LINE-01088,"Line Set, 5/8 in. x 50ft",Copper Tubing,153.24,C,13,28,2026-01-01
HVAC-REF-R404A-01089,"R-404A, 25lb cylinder",Refrigerant,290.9,C,2,5,2026-01-23
HVAC-MSC-REFRIG-01090,"Refrigerant Recovery Tank, 1 in.",Miscellaneous,34.06,B,21,33,2026-03-08
HVAC-REF-R22-01091,"R-22, 12oz can",Refrigerant,441.84,A,6,16,2026-03-19
HVAC-CTL-CAPACI-01092,"Capacitor, 45 MFD",Controls,107.66,B,16,47,2026-03-23
HVAC-REF-R22-01093,"R-22, 30lb tank",Refrigerant,262.06,C,2,4,2026-01-08
HVAC-REF-R22-01094,"R-22, 30lb tank",Refrigerant,211.34,C,10,19,2026-01-18
HVAC-CTL-CAPACI-01095,"Capacitor, 45 MFD",Controls,67.68,B,18,33,2026-01-28
HVAC-CTL-DEFROS-01096,"Defrost Control Board, Heat Pump",Controls,59.15,C,4,11,2026-01-15
HVAC-MOT-DIRECT-01097,"Direct Drive Motor, 1 HP",Motor,266.03,C,3,8,2026-01-12
HVAC-MOT-PSC-01098,"PSC Motor, 1/2 HP",Motor,541.7,C,6,11,2026-01-04
HVAC-MOT-DIRECT-01099,"Direct Drive Motor, 1 HP",Motor,174.85,C,7,16,2026-02-07
HVAC-CU-LINE-01100,"Line Set, 1-1/8 in. x 50ft",Copper Tubing,92.27,C,7,15,2026-01-01
HVAC-REF-R448A-01101,"R-448A, 50lb jug",Refrigerant,284.41,B,6,12,2025-12-31
HVAC-CU-HARD-01102,"Hard Copper Tubing, 1/2 in. x 50ft",Copper Tubing,200.27,C,2,3,2026-03-27
HVAC-MOT-DIRECT-01103,"Direct Drive Motor, 1 HP",Motor,276.42,B,6,11,2026-02-19
HVAC-CTL-SMART-01104,"Smart Thermostat, 45 MFD",Controls,83.49,B,14,26,2026-02-22
HVAC-CTL-DEFROS-01105,"Defrost Control Board, Single Stage",Controls,20.97,C,6,11,2026-01-17
HVAC-CTL-FURNAC-01106,"Furnace Control Board, Single Stage",Controls,127.66,C,2,3,2026-01-09
HVAC-MSC-NITROG-01107,"Nitrogen Regulator, 1/2 in.",Miscellaneous,66.59,C,6,15,2026-02-21
HVAC-MOT-PSC-01108,"PSC Motor, 1/2 HP",Motor,246.06,C,2,3,2026-03-11
HVAC-CU-LINE-01109,"Line Set, 3/8 in. x 50ft",Copper Tubing,173.49,C,16,29,2026-01-12
HVAC-MOT-BLOWER-01110,"Blower Motor, 3/4 HP",Motor,559.76,C,9,21,2026-01-04
HVAC-CU-SOFT-01111,"Soft Copper Tubing, 1/4 in. x 50ft",Copper Tubing,112.13,B,30,52,2026-03-22
HVAC-MOT-ECM-01112,"ECM Motor, 1/3 HP",Motor,127.97,A,26,57,2026-03-16
HVAC-CU-LINE-01113,"Line Set, 7/8 in. x 50ft",Copper Tubing,95.12,B,22,44,2026-01-31
HVAC-REF-R454B-01114,"R-454B, 50lb jug",Refrigerant,199.22,B,25,47,2026-03-06
HVAC-CTL-PROGRA-01115,"Programmable Thermostat, 120V",Controls,34.47,C,2,5,2025-12-27
HVAC-CU-LINE-01116,"Line Set, 5/8 in. x 50ft",Copper Tubing,197.75,C,8,22,2026-01-05
HVAC-CTL-SMART-01117,"Smart Thermostat, Two Stage",Controls,42.82,B,33,67,2026-02-19
HVAC-MOT-CONDEN-01118,"Condenser Fan Motor, 3/4 HP",Motor,205.35,C,5,9,2025-12-17
HVAC-CTL-FURNAC-01119,"Furnace Control Board, 45 MFD",Controls,66.13,C,5,14,2026-02-11
HVAC-CTL-CONTAC-01120,"Contactor, 30A",Controls,75.45,B,23,58,2026-02-27
HVAC-MSC-SCHRAD-01121,"Schrader Valve Core, 1/2 in.",Miscellaneous,15.31,C,11,17,2026-02-02
HVAC-CTL-CONTAC-01122,"Contactor, Single Stage",Controls,72.32,C,6,13,2026-02-13
HVAC-MOT-DIRECT-01123,"Direct Drive Motor, 3/4 HP",Motor,145.27,C,4,7,2026-01-25
HVAC-MOT-INDUCE-01124,"Inducer Motor, 1 HP",Motor,207.36,A,57,169,2026-02-27
HVAC-REF-R32-01125,"R-32, 25lb cylinder",Refrigerant,149.66,A,65,167,2026-05-15
HVAC-MSC-NITROG-01126,"Nitrogen Regulator, Standard",Miscellaneous,29.15,C,8,19,2026-01-22
HVAC-CTL-SMART-01127,"Smart Thermostat, 120V",Controls,87.35,A,33,91,2026-04-03
HVAC-CU-SOFT-01128,"Soft Copper Tubing, 1-1/8 in. x 50ft",Copper Tubing,62.13,C,7,16,2025-12-11
HVAC-REF-R410A-01129,"R-410A, 30lb tank",Refrigerant,149.08,A,42,78,2026-05-08
HVAC-CTL-SMART-01130,"Smart Thermostat, Single Stage",Controls,61.19,B,9,18,2026-03-31
HVAC-CU-SOFT-01131,"Soft Copper Tubing, 1-1/8 in. x 50ft",Copper Tubing,160.44,B,22,64,2026-03-08
HVAC-CU-HARD-01132,"Hard Copper Tubing, 1/2 in. x 50ft",Copper Tubing,84.33,C,10,19,2026-01-15
HVAC-REF-R454B-01133,"R-454B, 100lb cylinder",Refrigerant,208.77,C,12,33,2026-01-10
HVAC-CTL-PRESSU-01134,"Pressure Switch, 70 MFD",Controls,61.68,B,28,44,2026-04-04
HVAC-MOT-PSC-01135,"PSC Motor, 1 HP",Motor,367.64,C,2,5,2026-02-02
HVAC-CU-SOFT-01136,"Soft Copper Tubing, 3/8 in. x 50ft",Copper Tubing,79.96,A,70,151,2026-05-05
HVAC-REF-R134A-01137,"R-134a, 100lb cylinder",Refrigerant,390.83,C,10,29,2025-12-14
HVAC-MOT-BLOWER-01138,"Blower Motor, 1/6 HP",Motor,291.77,A,26,45,2026-04-02
HVAC-REF-R22-01139,"R-22, 12oz can",Refrigerant,276.1,C,9,17,2025-12-03
HVAC-CTL-RELAY-01140,"Relay, 24V",Controls,27.61,C,6,14,2025-12-18
HVAC-CU-HARD-01141,"Hard Copper Tubing, 1-1/8 in. x 50ft",Copper Tubing,122.69,C,9,14,2025-11-15
HVAC-CU-ACR-01142,"ACR Copper, 1/2 in. x 50ft",Copper Tubing,109.17,C,2,4,2026-02-03
HVAC-CU-LINE-01143,"Line Set, 3/4 in. x 50ft",Copper Tubing,86.78,C,4,8,2026-02-01
HVAC-CU-HARD-01144,"Hard Copper Tubing, 1/4 in. x 50ft",Copper Tubing,136.74,B,25,67,2026-03-01
HVAC-CTL-CONTAC-01145,"Contactor, 30A",Controls,64.74,C,6,14,2026-01-03
HVAC-CTL-RELAY-01146,"Relay, 30A",Controls,92.3,C,11,25,2026-01-25
HVAC-MOT-DIRECT-01147,"Direct Drive Motor, 1 HP",Motor,642.35,B,20,32,2026-03-15
HVAC-REF-R22-01148,"R-22, 50lb jug",Refrigerant,141.52,C,6,15,2026-02-07
HVAC-REF-R404A-01149,"R-404A, 50lb jug",Refrigerant,268.15,C,6,9,2025-12-31
HVAC-REF-R454B-01150,"R-454B, 12oz can",Refrigerant,124.94,B,36,100,2026-02-27
HVAC-MOT-PSC-01151,"PSC Motor, 1/2 HP",Motor,159.52,C,9,14,2025-12-14
HVAC-MOT-PSC-01152,"PSC Motor, 3/4 HP",Motor,168.88,C,6,17,2026-01-28
HVAC-CU-LINE-01153,"Line Set, 1/4 in. x 50ft",Copper Tubing,63.12,B,28,71,2026-02-25
HVAC-MOT-PSC-01154,"PSC Motor, 1/4 HP",Motor,246.04,C,6,12,2025-12-21
HVAC-COMP-SCROLL-01155,"Scroll Compressor, 4 Ton 460V",Compressor,788.31,A,56,86,2026-04-25
HVAC-CU-SOFT-01156,"Soft Copper Tubing, 1/4 in. x 50ft",Copper Tubing,198.29,B,27,66,2026-02-22
HVAC-CU-LINE-01157,"Line Set, 1/2 in. x 50ft",Copper Tubing,197.36,C,9,26,2026-02-01
HVAC-CTL-RELAY-01158,"Relay, Single Stage",Controls,72.62,C,10,27,2026-01-13
HVAC-REF-R404A-01159,"R-404A, 25lb cylinder",Refrigerant,215.3,C,6,9,2025-11-25
HVAC-CU-ACR-01160,"ACR Copper, 1-1/8 in. x 50ft",Copper Tubing,71.55,C,2,3,2026-01-05
HVAC-CU-SOFT-01161,"Soft Copper Tubing, 7/8 in. x 50ft",Copper Tubing,152.41,C,5,14,2026-01-09
HVAC-MOT-DIRECT-01162,"Direct Drive Motor, 1/4 HP",Motor,185.39,C,2,4,2025-12-07
HVAC-COMP-SCROLL-01163,"Scroll Compressor, 4 Ton 460V",Compressor,859.11,C,4,7,2025-12-18
HVAC-MOT-DIRECT-01164,"Direct Drive Motor, 1 HP",Motor,249.0,C,5,14,2026-01-08
HVAC-REF-R407C-01165,"R-407C, 12oz can",Refrigerant,207.33,C,7,15,2025-12-17
HVAC-CU-ACR-01166,"ACR Copper, 7/8 in. x 50ft",Copper Tubing,124.85,C,6,12,2026-01-24
HVAC-MOT-DIRECT-01167,"Direct Drive Motor, 3/4 HP",Motor,293.87,C,8,14,2026-02-19
HVAC-REF-R407C-01168,"R-407C, 100lb cylinder",Refrigerant,326.77,C,10,23,2026-02-28
HVAC-CU-LINE-01169,"Line Set, 1/4 in. x 50ft",Copper Tubing,79.99,B,21,49,2026-03-14
HVAC-CU-LINE-01170,"Line Set, 3/4 in. x 50ft",Copper Tubing,89.22,A,40,61,2026-03-23
HVAC-REF-R454B-01171,"R-454B, 12oz can",Refrigerant,288.84,C,8,21,2026-01-25
HVAC-CU-ACR-01172,"ACR Copper, 7/8 in. x 50ft",Copper Tubing,69.11,A,23,35,2026-05-15
HVAC-CU-HARD-01173,"Hard Copper Tubing, 3/4 in. x 50ft",Copper Tubing,156.86,A,64,151,2026-03-17
HVAC-REF-R448A-01174,"R-448A, 100lb cylinder",Refrigerant,379.18,C,11,18,2026-01-25
HVAC-CTL-RELAY-01175,"Relay, Two Stage",Controls,41.45,B,23,64,2026-03-27
HVAC-REF-R407C-01176,"R-407C, 25lb cylinder",Refrigerant,264.8,B,23,55,2026-02-26
HVAC-CU-SOFT-01177,"Soft Copper Tubing, 3/4 in. x 50ft",Copper Tubing,223.32,C,10,27,2025-12-17
HVAC-CTL-CAPACI-01178,"Capacitor, 40A",Controls,59.91,A,65,190,2026-05-15
HVAC-COMP-ROTARY-01179,"Rotary Compressor, 3.5 Ton 230V",Compressor,2279.77,C,8,13,2026-01-22
HVAC-CTL-CONTAC-01180,"Contactor, Two Stage",Controls,48.62,B,24,68,2026-03-07
HVAC-CTL-SMART-01181,"Smart Thermostat, 70 MFD",Controls,33.67,B,16,42,2026-03-16
HVAC-REF-R407C-01182,"R-407C, 30lb tank",Refrigerant,386.85,C,8,14,2026-01-01
HVAC-CTL-CAPACI-01183,"Capacitor, Single Stage",Controls,45.85,A,59,141,2026-05-13
HVAC-REF-R410A-01184,"R-410A, 25lb cylinder",Refrigerant,184.64,A,71,211,2026-05-15
HVAC-REF-R407C-01185,"R-407C, 50lb jug",Refrigerant,163.27,B,11,22,2026-04-02
HVAC-MSC-SIGHT-01186,"Sight Glass, Standard",Miscellaneous,18.75,A,58,164,2026-04-26
HVAC-CTL-SMART-01187,"Smart Thermostat, 24V",Controls,98.29,C,8,22,2026-01-29
HVAC-MOT-ECM-01188,"ECM Motor, 1/3 HP",Motor,288.38,C,7,12,2026-02-09
HVAC-MOT-DIRECT-01189,"Direct Drive Motor, 3/4 HP",Motor,354.1,C,6,10,2026-01-17
HVAC-CTL-CAPACI-01190,"Capacitor, 120V",Controls,70.42,B,12,20,2026-03-17
HVAC-CU-SOFT-01191,"Soft Copper Tubing, 1-1/8 in. x 50ft",Copper Tubing,132.54,C,4,6,2025-12-28
HVAC-REF-R32-01192,"R-32, 12oz can",Refrigerant,206.95,B,28,70,2026-02-22
HVAC-REF-R407C-01193,"R-407C, 30lb tank",Refrigerant,768.15,C,11,20,2025-12-05
HVAC-CU-SOFT-01194,"Soft Copper Tubing, 5/8 in. x 50ft",Copper Tubing,108.87,B,15,41,2026-03-02
HVAC-CTL-CAPACI-01195,"Capacitor, Two Stage",Controls,140.23,B,28,83,2026-02-05
HVAC-MOT-DIRECT-01196,"Direct Drive Motor, 3/4 HP",Motor,300.8,A,37,106,2026-04-15
HVAC-CTL-FURNAC-01197,"Furnace Control Board, 30A",Controls,65.51,A,80,171,2026-05-15
HVAC-MSC-SIGHT-01198,"Sight Glass, 1 in.",Miscellaneous,16.65,C,6,11,2026-01-01
HVAC-REF-R454B-01199,"R-454B, 12oz can",Refrigerant,332.09,B,18,51,2026-03-12
HVAC-CTL-FURNAC-01200,"Furnace Control Board, 120V",Controls,187.46,C,10,15,2025-12-20
HVAC-CU-LINE-01201,"Line Set, 3/4 in. x 50ft",Copper Tubing,73.98,A,78,134,2026-05-15
HVAC-MOT-INDUCE-01202,"Inducer Motor, 1/4 HP",Motor,173.08,B,25,59,2026-04-02
HVAC-COMP-RECIPR-01203,"Reciprocating Compressor, 3 Ton 230V",Compressor,3364.79,B,18,49,2026-02-24
HVAC-CU-SOFT-01204,"Soft Copper Tubing, 3/8 in. x 50ft",Copper Tubing,174.24,B,10,17,2026-01-29
HVAC-CU-ACR-01205,"ACR Copper, 1-1/8 in. x 50ft",Copper Tubing,112.43,B,15,24,2026-03-28
HVAC-CU-ACR-01206,"ACR Copper, 1/4 in. x 50ft",Copper Tubing,170.06,B,15,30,2026-03-25
HVAC-CU-SOFT-01207,"Soft Copper Tubing, 1/4 in. x 50ft",Copper Tubing,100.65,C,8,16,2026-01-08
HVAC-REF-R404A-01208,"R-404A, 50lb jug",Refrigerant,200.95,C,10,28,2026-01-05
HVAC-COMP-VARIAB-01209,"Variable Speed Compressor, 2 Ton 208V",Compressor,889.24,C,11,23,2026-01-11
HVAC-REF-R448A-01210,"R-448A, 25lb cylinder",Refrigerant,416.98,C,10,24,2026-01-22
HVAC-COMP-RECIPR-01211,"Reciprocating Compressor, 4 Ton 460V",Compressor,860.89,C,7,16,2026-01-26
HVAC-MSC-BRAZIN-01212,"Brazing Rod, Heavy Duty",Miscellaneous,46.43,A,53,142,2026-04-27
HVAC-CU-ACR-01213,"ACR Copper, 1-1/8 in. x 50ft",Copper Tubing,224.3,C,10,21,2026-01-05
HVAC-CTL-CONTAC-01214,"Contactor, 45 MFD",Controls,219.83,B,30,49,2026-04-03
HVAC-CTL-RELAY-01215,"Relay, 45 MFD",Controls,67.4,C,5,13,2026-01-27
HVAC-CTL-PRESSU-01216,"Pressure Switch, 40A",Controls,81.38,C,2,3,2025-12-05
HVAC-CU-HARD-01217,"Hard Copper Tubing, 3/8 in. x 50ft",Copper Tubing,88.56,C,4,9,2025-11-15
HVAC-REF-R454B-01218,"R-454B, 12oz can",Refrigerant,250.68,C,7,18,2026-01-22
HVAC-REF-R448A-01219,"R-448A, 50lb jug",Refrigerant,622.31,C,10,23,2026-01-25
HVAC-MOT-DIRECT-01220,"Direct Drive Motor, 3/4 HP",Motor,165.45,B,14,29,2026-02-07
HVAC-CTL-SMART-01221,"Smart Thermostat, Two Stage",Controls,101.11,C,9,22,2026-01-20
HVAC-MOT-PSC-01222,"PSC Motor, 1/2 HP",Motor,164.77,C,2,4,2025-12-28
HVAC-REF-R410A-01223,"R-410A, 50lb jug",Refrigerant,162.03,B,19,42,2026-03-02
HVAC-CTL-CAPACI-01224,"Capacitor, 120V",Controls,128.98,C,8,20,2026-01-16
HVAC-COMP-VARIAB-01225,"Variable Speed Compressor, 1.5 Ton 208V",Compressor,2763.56,B,18,32,2025-12-31
HVAC-CTL-SMART-01226,"Smart Thermostat, 30A",Controls,33.34,C,7,20,2026-01-17
HVAC-CTL-CONTAC-01227,"Contactor, 24V",Controls,114.6,C,15,34,2025-12-28
HVAC-CU-HARD-01228,"Hard Copper Tubing, 1/4 in. x 50ft",Copper Tubing,96.48,B,12,26,2026-02-28
HVAC-MSC-SCHRAD-01229,"Schrader Valve Core, 1 in.",Miscellaneous,28.76,C,5,8,2025-12-24
HVAC-MOT-ECM-01230,"ECM Motor, 1/3 HP",Motor,297.2,B,18,40,2026-03-23
HVAC-MOT-ECM-01231,"ECM Motor, 1/2 HP",Motor,496.73,A,25,59,2026-03-28
HVAC-MOT-CONDEN-01232,"Condenser Fan Motor, 1/4 HP",Motor,264.61,C,4,10,2025-12-21
HVAC-CTL-DEFROS-01233,"Defrost Control Board, 40A",Controls,45.73,A,70,198,2026-03-12
HVAC-MOT-CONDEN-01234,"Condenser Fan Motor, 1/3 HP",Motor,194.15,C,6,15,2025-12-05
HVAC-REF-R407C-01235,"R-407C, 50lb jug",Refrigerant,191.52,C,5,9,2026-01-29
HVAC-REF-R454B-01236,"R-454B, 12oz can",Refrigerant,152.33,A,40,80,2026-04-23
HVAC-CU-SOFT-01237,"Soft Copper Tubing, 1/4 in. x 50ft",Copper Tubing,125.89,C,7,12,2026-01-04
HVAC-CU-LINE-01238,"Line Set, 1/4 in. x 50ft",Copper Tubing,144.57,C,12,23,2026-01-07
HVAC-CU-SOFT-01239,"Soft Copper Tubing, 5/8 in. x 50ft",Copper Tubing,90.21,A,75,203,2026-05-06
HVAC-REF-R448A-01240,"R-448A, 30lb tank",Refrigerant,330.94,A,47,104,2026-03-16
HVAC-COMP-RECIPR-01241,"Reciprocating Compressor, 3.5 Ton 230V",Compressor,1073.5,C,9,16,2025-12-28
HVAC-CU-ACR-01242,"ACR Copper, 1/2 in. x 50ft",Copper Tubing,137.13,C,9,14,2026-01-08
HVAC-COMP-VARIAB-01243,"Variable Speed Compressor, 3 Ton 230V",Compressor,1302.1,C,8,18,2026-02-09
HVAC-REF-R454B-01244,"R-454B, 50lb jug",Refrigerant,356.23,B,20,30,2026-02-09
HVAC-CTL-PRESSU-01245,"Pressure Switch, 45 MFD",Controls,107.09,A,9,20,2026-02-27
HVAC-REF-R448A-01246,"R-448A, 50lb jug",Refrigerant,277.52,C,6,13,2025-12-02
HVAC-CTL-CAPACI-01247,"Capacitor, 120V",Controls,79.07,C,9,15,2026-02-04
HVAC-CTL-RELAY-01248,"Relay, 40A",Controls,93.11,C,11,26,2026-01-30
HVAC-MOT-BLOWER-01249,"Blower Motor, 1/2 HP",Motor,216.43,C,10,27,2026-01-26
HVAC-COMP-RECIPR-01250,"Reciprocating Compressor, 3.5 Ton 230V",Compressor,1325.99,C,9,15,2025-12-01
HVAC-COMP-SCROLL-01251,"Scroll Compressor, 4 Ton 460V",Compressor,1166.7,C,14,22,2025-11-21
HVAC-MOT-PSC-01252,"PSC Motor, 1 HP",Motor,362.93,C,7,19,2026-01-16
HVAC-CTL-CONTAC-01253,"Contactor, 120V",Controls,61.77,A,57,94,2026-05-07
HVAC-CTL-DEFROS-01254,"Defrost Control Board, 24V",Controls,35.2,B,30,73,2026-03-23
HVAC-CU-LINE-01255,"Line Set, 3/4 in. x 50ft",Copper Tubing,162.08,B,26,73,2026-03-31
HVAC-CTL-SMART-01256,"Smart Thermostat, 70 MFD",Controls,44.99,A,54,137,2026-05-15
HVAC-MOT-CONDEN-01257,"Condenser Fan Motor, 1/4 HP",Motor,192.52,A,41,92,2026-04-14
HVAC-CU-SOFT-01258,"Soft Copper Tubing, 3/4 in. x 50ft",Copper Tubing,155.47,C,8,22,2026-03-10
HVAC-COMP-ROTARY-01259,"Rotary Compressor, 5 Ton 460V",Compressor,1963.33,C,2,4,2026-01-31
HVAC-REF-R448A-01260,"R-448A, 30lb tank",Refrigerant,286.48,C,8,17,2026-02-22
HVAC-REF-R410A-01261,"R-410A, 25lb cylinder",Refrigerant,174.4,B,7,18,2026-02-24
HVAC-REF-R454B-01262,"R-454B, 25lb cylinder",Refrigerant,131.46,B,18,52,2026-03-13
HVAC-CTL-CONTAC-01263,"Contactor, Two Stage",Controls,62.01,B,12,26,2026-03-20
HVAC-CU-HARD-01264,"Hard Copper Tubing, 1-1/8 in. x 50ft",Copper Tubing,142.75,C,2,4,2026-03-03
HVAC-CTL-PRESSU-01265,"Pressure Switch, 120V",Controls,123.01,B,19,35,2026-02-25
HVAC-COMP-RECIPR-01266,"Reciprocating Compressor, 3 Ton 230V",Compressor,1178.0,A,18,46,2026-05-09
HVAC-REF-R410A-01267,"R-410A, 12oz can",Refrigerant,343.65,C,7,18,2026-01-19
HVAC-CU-SOFT-01268,"Soft Copper Tubing, 1/2 in. x 50ft",Copper Tubing,165.19,C,2,3,2025-12-25
HVAC-CU-ACR-01269,"ACR Copper, 3/8 in. x 50ft",Copper Tubing,78.67,C,6,16,2025-12-31
HVAC-CU-ACR-01270,"ACR Copper, 1/4 in. x 50ft",Copper Tubing,228.21,C,5,8,2025-12-26
HVAC-COMP-RECIPR-01271,"Reciprocating Compressor, 3 Ton 230V",Compressor,1169.51,C,7,11,2026-02-13
HVAC-REF-R407C-01272,"R-407C, 25lb cylinder",Refrigerant,245.74,C,8,15,2026-01-08
HVAC-CU-SOFT-01273,"Soft Copper Tubing, 1/4 in. x 50ft",Copper Tubing,169.03,C,11,32,2025-12-09
HVAC-CU-HARD-01274,"Hard Copper Tubing, 1/2 in. x 50ft",Copper Tubing,175.84,A,26,58,2026-04-06
HVAC-CU-HARD-01275,"Hard Copper Tubing, 3/8 in. x 50ft",Copper Tubing,153.31,C,5,9,2026-01-22
HVAC-CU-LINE-01276,"Line Set, 1-1/8 in. x 50ft",Copper Tubing,232.37,A,36,54,2026-05-11
HVAC-MOT-CONDEN-01277,"Condenser Fan Motor, 1/4 HP",Motor,220.32,C,7,20,2026-02-02
HVAC-CTL-CONTAC-01278,"Contactor, 40A",Controls,161.7,B,24,39,2026-04-30
HVAC-MOT-DIRECT-01279,"Direct Drive Motor, 1/4 HP",Motor,173.59,A,55,96,2026-04-11
HVAC-REF-R410A-01280,"R-410A, 30lb tank",Refrigerant,120.08,C,16,37,2025-12-28
HVAC-REF-R134A-01281,"R-134a, 50lb jug",Refrigerant,269.8,B,14,22,2026-03-05
HVAC-MOT-CONDEN-01282,"Condenser Fan Motor, 1 HP",Motor,321.08,B,27,46,2026-03-03
HVAC-CU-SOFT-01283,"Soft Copper Tubing, 1/2 in. x 50ft",Copper Tubing,104.44,C,4,8,2026-01-31
HVAC-CTL-RELAY-01284,"Relay, 120V",Controls,74.74,B,6,9,2026-03-02
HVAC-MOT-ECM-01285,"ECM Motor, 1/4 HP",Motor,210.11,C,6,16,2026-01-07
HVAC-MSC-BRAZIN-01286,"Brazing Rod, 1 in.",Miscellaneous,245.0,A,77,138,2026-05-15
HVAC-CTL-CONTAC-01287,"Contactor, 40A",Controls,89.88,B,26,47,2026-04-18
HVAC-CU-SOFT-01288,"Soft Copper Tubing, 1/4 in. x 50ft",Copper Tubing,82.58,C,11,29,2025-12-17
HVAC-MOT-BLOWER-01289,"Blower Motor, 1/4 HP",Motor,420.75,C,8,13,2026-01-01
HVAC-REF-R22-01290,"R-22, 12oz can",Refrigerant,340.22,C,6,17,2026-01-30
HVAC-CU-ACR-01291,"ACR Copper, 1/4 in. x 50ft",Copper Tubing,271.54,A,36,105,2026-04-14
HVAC-MSC-SIGHT-01292,"Sight Glass, 1/2 in.",Miscellaneous,28.44,C,4,8,2026-01-25
HVAC-MOT-ECM-01293,"ECM Motor, 1/2 HP",Motor,202.66,C,7,14,2026-02-04
HVAC-CU-ACR-01294,"ACR Copper, 1/4 in. x 50ft",Copper Tubing,157.62,C,9,18,2026-01-20
HVAC-MOT-PSC-01295,"PSC Motor, 1/6 HP",Motor,147.94,C,9,23,2026-01-22
HVAC-MSC-BRAZIN-01296,"Brazing Rod, 3/4 in.",Miscellaneous,34.43,B,10,16,2026-02-28
HVAC-CU-SOFT-01297,"Soft Copper Tubing, 1/2 in. x 50ft",Copper Tubing,78.08,C,12,34,2026-02-26
HVAC-CU-SOFT-01298,"Soft Copper Tubing, 3/8 in. x 50ft",Copper Tubing,66.47,C,8,19,2025-12-15
HVAC-CTL-DEFROS-01299,"Defrost Control Board, Heat Pump",Controls,62.87,C,10,28,2026-01-01
HVAC-CTL-RELAY-01300,"Relay, 45 MFD",Controls,224.04,A,56,98,2026-04-06
HVAC-MOT-CONDEN-01301,"Condenser Fan Motor, 1 HP",Motor,430.35,A,63,102,2026-03-29
HVAC-CTL-FURNAC-01302,"Furnace Control Board, Single Stage",Controls,38.81,C,7,17,2025-12-14
HVAC-CTL-CAPACI-01303,"Capacitor, 70 MFD",Controls,26.27,C,11,20,2025-12-30
HVAC-MOT-BLOWER-01304,"Blower Motor, 1/4 HP",Motor,213.62,C,11,22,2025-12-17
HVAC-COMP-VARIAB-01305,"Variable Speed Compressor, 3.5 Ton 230V",Compressor,778.38,B,37,91,2026-02-05
HVAC-MOT-PSC-01306,"PSC Motor, 1/6 HP",Motor,161.46,C,3,8,2026-01-20
HVAC-CU-SOFT-01307,"Soft Copper Tubing, 1-1/8 in. x 50ft",Copper Tubing,138.92,C,12,30,2026-01-01
HVAC-CU-ACR-01308,"ACR Copper, 1-1/8 in. x 50ft",Copper Tubing,131.38,B,8,23,2026-03-11
HVAC-CU-LINE-01309,"Line Set, 7/8 in. x 50ft",Copper Tubing,196.02,B,10,20,2026-03-10
HVAC-REF-R454B-01310,"R-454B, 25lb cylinder",Refrigerant,239.47,C,8,20,2026-01-27
HVAC-CU-SOFT-01311,"Soft Copper Tubing, 5/8 in. x 50ft",Copper Tubing,100.01,C,11,23,2026-01-28
HVAC-MSC-SIGHT-01312,"Sight Glass, Heavy Duty",Miscellaneous,126.49,A,48,99,2026-05-15
HVAC-COMP-RECIPR-01313,"Reciprocating Compressor, 5 Ton 460V",Compressor,653.18,B,23,62,2026-05-02
HVAC-CU-ACR-01314,"ACR Copper, 1/2 in. x 50ft",Copper Tubing,135.7,C,2,3,2026-02-09
HVAC-REF-R22-01315,"R-22, 30lb tank",Refrigerant,388.06,A,52,123,2026-04-13
HVAC-REF-R407C-01316,"R-407C, 25lb cylinder",Refrigerant,229.92,A,51,118,2026-04-16
HVAC-CTL-DEFROS-01317,"Defrost Control Board, 70 MFD",Controls,365.07,C,5,8,2026-01-16
HVAC-REF-R32-01318,"R-32, 100lb cylinder",Refrigerant,240.34,C,9,14,2026-01-27
HVAC-CTL-SMART-01319,"Smart Thermostat, 40A",Controls,75.94,C,9,20,2025-11-27
HVAC-CTL-SMART-01320,"Smart Thermostat, Single Stage",Controls,128.49,C,5,10,2026-01-21
HVAC-CTL-CONTAC-01321,"Contactor, 40A",Controls,60.17,C,4,9,2026-01-31
HVAC-REF-R22-01322,"R-22, 30lb tank",Refrigerant,423.11,B,23,43,2026-03-25
HVAC-CU-LINE-01323,"Line Set, 7/8 in. x 50ft",Copper Tubing,104.44,C,8,20,2026-01-03
HVAC-CTL-CAPACI-01324,"Capacitor, Heat Pump",Controls,78.57,B,18,51,2026-03-05
HVAC-REF-R448A-01325,"R-448A, 100lb cylinder",Refrigerant,205.08,A,50,109,2026-04-08
HVAC-CU-HARD-01326,"Hard Copper Tubing, 7/8 in. x 50ft",Copper Tubing,120.47,A,57,106,2026-04-22
HVAC-REF-R134A-01327,"R-134a, 100lb cylinder",Refrigerant,189.15,C,2,4,2026-02-21
HVAC-CTL-FURNAC-01328,"Furnace Control Board, 45 MFD",Controls,44.13,B,16,39,2026-02-02
HVAC-CTL-CAPACI-01329,"Capacitor, 24V",Controls,78.84,B,24,68,2026-03-11
HVAC-CTL-DEFROS-01330,"Defrost Control Board, 24V",Controls,122.37,A,60,92,2026-04-03
HVAC-REF-R448A-01331,"R-448A, 25lb cylinder",Refrigerant,850.0,C,7,17,2026-02-20
HVAC-CU-SOFT-01332,"Soft Copper Tubing, 7/8 in. x 50ft",Copper Tubing,273.93,A,57,93,2026-04-08
HVAC-CU-HARD-01333,"Hard Copper Tubing, 5/8 in. x 50ft",Copper Tubing,58.45,C,12,30,2026-01-24
HVAC-MOT-INDUCE-01334,"Inducer Motor, 1 HP",Motor,115.04,C,7,17,2025-12-13
HVAC-CU-ACR-01335,"ACR Copper, 1-1/8 in. x 50ft",Copper Tubing,102.28,B,18,50,2026-02-27
HVAC-CU-ACR-01336,"ACR Copper, 3/4 in. x 50ft",Copper Tubing,67.72,B,11,17,2026-02-17
HVAC-CU-SOFT-01337,"Soft Copper Tubing, 1-1/8 in. x 50ft",Copper Tubing,112.72,C,11,23,2026-01-20
HVAC-CTL-SMART-01338,"Smart Thermostat, 70 MFD",Controls,64.33,B,9,23,2026-02-16
HVAC-CU-SOFT-01339,"Soft Copper Tubing, 1-1/8 in. x 50ft",Copper Tubing,101.42,C,8,17,2026-01-10
HVAC-COMP-VARIAB-01340,"Variable Speed Compressor, 4 Ton 460V",Compressor,833.36,C,7,18,2025-12-26
HVAC-CU-SOFT-01341,"Soft Copper Tubing, 1/2 in. x 50ft",Copper Tubing,60.81,B,32,74,2026-03-04
HVAC-CTL-RELAY-01342,"Relay, 30A",Controls,45.01,B,21,39,2026-03-04
HVAC-COMP-VARIAB-01343,"Variable Speed Compressor, 2 Ton 208V",Compressor,863.95,B,20,46,2026-03-17
HVAC-CTL-PROGRA-01344,"Programmable Thermostat, 120V",Controls,77.38,A,60,165,2026-04-18
HVAC-CU-ACR-01345,"ACR Copper, 1/2 in. x 50ft",Copper Tubing,81.52,B,25,44,2026-03-13
HVAC-MSC-FILTER-01346,"Filter Drier, Standard",Miscellaneous,20.73,B,33,62,2026-03-09
HVAC-MSC-LINE-01347,"Line Set Insulation, 3/4 in.",Miscellaneous,37.71,C,9,17,2026-01-07
HVAC-COMP-SCROLL-01348,"Scroll Compressor, 5 Ton 460V",Compressor,961.54,B,20,49,2026-02-09
HVAC-CU-LINE-01349,"Line Set, 7/8 in. x 50ft",Copper Tubing,143.92,C,8,13,2025-12-21
HVAC-CU-LINE-01350,"Line Set, 3/8 in. x 50ft",Copper Tubing,71.16,A,51,124,2026-05-03
HVAC-COMP-SCROLL-01351,"Scroll Compressor, 5 Ton 460V",Compressor,4800.0,C,10,20,2026-01-11
HVAC-MSC-SIGHT-01352,"Sight Glass, 3/4 in.",Miscellaneous,139.43,C,6,12,2026-02-19
HVAC-CTL-FURNAC-01353,"Furnace Control Board, 45 MFD",Controls,129.21,B,17,26,2026-03-30
HVAC-CTL-CAPACI-01354,"Capacitor, 24V",Controls,119.19,B,14,22,2026-03-13
HVAC-REF-R407C-01355,"R-407C, 12oz can",Refrigerant,250.93,B,24,68,2026-02-18
HVAC-CU-HARD-01356,"Hard Copper Tubing, 1/4 in. x 50ft",Copper Tubing,139.03,C,10,22,2026-01-01
HVAC-MOT-BLOWER-01357,"Blower Motor, 1 HP",Motor,261.29,A,61,158,2026-05-02
HVAC-CTL-RELAY-01358,"Relay, 120V",Controls,52.75,C,5,7,2026-01-25
HVAC-MOT-ECM-01359,"ECM Motor, 3/4 HP",Motor,271.82,C,6,16,2025-12-15
HVAC-REF-R448A-01360,"R-448A, 50lb jug",Refrigerant,392.38,C,8,20,2026-01-14
HVAC-CTL-FURNAC-01361,"Furnace Control Board, Single Stage",Controls,69.07,A,47,113,2026-03-27
HVAC-CTL-SMART-01362,"Smart Thermostat, Single Stage",Controls,107.09,C,6,14,2026-02-01
HVAC-CU-SOFT-01363,"Soft Copper Tubing, 3/8 in. x 50ft",Copper Tubing,111.09,B,10,21,2026-03-06
HVAC-CTL-CONTAC-01364,"Contactor, Two Stage",Controls,92.1,C,2,5,2026-01-13
HVAC-CU-LINE-01365,"Line Set, 3/8 in. x 50ft",Copper Tubing,112.53,A,32,50,2026-03-16
HVAC-MSC-LINE-01366,"Line Set Insulation, Heavy Duty",Miscellaneous,29.37,A,27,46,2026-04-13
HVAC-REF-R407C-01367,"R-407C, 30lb tank",Refrigerant,159.58,A,77,180,2026-05-15
HVAC-CU-ACR-01368,"ACR Copper, 1/4 in. x 50ft",Copper Tubing,65.83,C,2,3,2026-01-14
HVAC-MSC-BRAZIN-01369,"Brazing Rod, 1/2 in.",Miscellaneous,47.13,A,59,112,2026-04-15
HVAC-CU-LINE-01370,"Line Set, 5/8 in. x 50ft",Copper Tubing,193.82,C,2,5,2026-01-20
HVAC-COMP-VARIAB-01371,"Variable Speed Compressor, 2.5 Ton 230V",Compressor,1466.27,B,13,20,2026-05-07
HVAC-CU-SOFT-01372,"Soft Copper Tubing, 7/8 in. x 50ft",Copper Tubing,148.15,C,6,12,2026-02-26
HVAC-REF-R448A-01373,"R-448A, 12oz can",Refrigerant,211.67,C,9,17,2025-12-26
HVAC-REF-R134A-01374,"R-134a, 30lb tank",Refrigerant,219.95,C,6,13,2026-01-07
HVAC-COMP-SCROLL-01375,"Scroll Compressor, 4 Ton 460V",Compressor,1950.79,C,2,5,2025-12-11
HVAC-CU-HARD-01376,"Hard Copper Tubing, 1/4 in. x 50ft",Copper Tubing,72.39,C,8,23,2026-01-08
HVAC-MSC-SIGHT-01377,"Sight Glass, Standard",Miscellaneous,24.58,B,26,68,2026-03-16
HVAC-CU-ACR-01378,"ACR Copper, 1/2 in. x 50ft",Copper Tubing,128.99,C,6,13,2026-01-23
HVAC-REF-R410A-01379,"R-410A, 12oz can",Refrigerant,163.04,B,15,31,2026-02-26
HVAC-MSC-FILTER-01380,"Filter Drier, 1 in.",Miscellaneous,245.0,B,11,29,2026-03-17
HVAC-CTL-SMART-01381,"Smart Thermostat, 24V",Controls,100.52,C,9,22,2025-11-26
HVAC-MOT-DIRECT-01382,"Direct Drive Motor, 1/4 HP",Motor,146.28,C,7,17,2026-01-03
HVAC-CTL-RELAY-01383,"Relay, 120V",Controls,293.44,B,25,59,2026-03-13
HVAC-REF-R22-01384,"R-22, 50lb jug",Refrigerant,241.65,B,13,29,2026-02-16
HVAC-CU-HARD-01385,"Hard Copper Tubing, 1/2 in. x 50ft",Copper Tubing,156.22,C,7,14,2025-12-29
HVAC-CTL-CONTAC-01386,"Contactor, 120V",Controls,129.42,B,23,42,2026-03-31
HVAC-MOT-DIRECT-01387,"Direct Drive Motor, 1 HP",Motor,173.03,C,3,5,2026-01-23
HVAC-REF-R32-01388,"R-32, 25lb cylinder",Refrigerant,213.0,C,5,10,2026-02-20
HVAC-CTL-PRESSU-01389,"Pressure Switch, 40A",Controls,284.6,C,9,23,2026-01-03
HVAC-CU-SOFT-01390,"Soft Copper Tubing, 3/4 in. x 50ft",Copper Tubing,211.48,C,5,9,2025-12-14
HVAC-REF-R134A-01391,"R-134a, 100lb cylinder",Refrigerant,202.33,C,9,16,2025-12-17
HVAC-REF-R22-01392,"R-22, 25lb cylinder",Refrigerant,483.76,A,101,282,2026-05-15
HVAC-CU-ACR-01393,"ACR Copper, 3/8 in. x 50ft",Copper Tubing,160.05,C,11,16,2026-02-07
HVAC-CTL-CAPACI-01394,"Capacitor, 24V",Controls,35.64,B,9,24,2026-03-26
HVAC-COMP-RECIPR-01395,"Reciprocating Compressor, 3.5 Ton 230V",Compressor,1374.73,A,63,170,2026-05-15
HVAC-CTL-FURNAC-01396,"Furnace Control Board, 120V",Controls,217.48,C,9,24,2026-02-10
HVAC-COMP-VARIAB-01397,"Variable Speed Compressor, 5 Ton 460V",Compressor,2722.39,C,9,23,2026-02-23
HVAC-REF-R32-01398,"R-32, 12oz can",Refrigerant,150.26,C,5,14,2025-12-08
HVAC-CU-SOFT-01399,"Soft Copper Tubing, 1/4 in. x 50ft",Copper Tubing,103.11,C,14,39,2025-12-27
HVAC-CU-SOFT-01400,"Soft Copper Tubing, 1/4 in. x 50ft",Copper Tubing,101.25,B,17,47,2026-02-13
HVAC-REF-R404A-01401,"R-404A, 100lb cylinder",Refrigerant,327.04,B,13,28,2026-03-11
HVAC-CU-SOFT-01402,"Soft Copper Tubing, 1-1/8 in. x 50ft",Copper Tubing,80.07,B,12,28,2026-03-13
HVAC-CTL-DEFROS-01403,"Defrost Control Board, 24V",Controls,168.93,B,17,27,2026-03-23
HVAC-COMP-VARIAB-01404,"Variable Speed Compressor, 1.5 Ton 208V",Compressor,754.05,A,45,78,2026-04-25
HVAC-REF-R407C-01405,"R-407C, 30lb tank",Refrigerant,324.9,B,25,37,2026-03-04
HVAC-MSC-BRAZIN-01406,"Brazing Rod, 1/2 in.",Miscellaneous,94.0,A,54,136,2026-04-16
HVAC-MOT-CONDEN-01407,"Condenser Fan Motor, 1 HP",Motor,212.51,B,7,16,2026-03-24
HVAC-REF-R410A-01408,"R-410A, 30lb tank",Refrigerant,203.02,C,7,20,2026-01-04
HVAC-COMP-SCROLL-01409,"Scroll Compressor, 2.5 Ton 230V",Compressor,2467.35,B,11,19,2026-03-31
HVAC-CU-ACR-01410,"ACR Copper, 5/8 in. x 50ft",Copper Tubing,88.55,B,13,21,2026-03-15
HVAC-REF-R32-01411,"R-32, 30lb tank",Refrigerant,365.15,B,22,38,2026-02-12
HVAC-CU-ACR-01412,"ACR Copper, 3/8 in. x 50ft",Copper Tubing,58.29,A,38,113,2026-04-29
HVAC-MOT-INDUCE-01413,"Inducer Motor, 1 HP",Motor,499.48,C,7,15,2026-01-23
HVAC-CU-SOFT-01414,"Soft Copper Tubing, 5/8 in. x 50ft",Copper Tubing,53.92,B,20,58,2026-02-19
HVAC-CU-ACR-01415,"ACR Copper, 5/8 in. x 50ft",Copper Tubing,134.71,C,9,20,2026-01-02
HVAC-MOT-PSC-01416,"PSC Motor, 3/4 HP",Motor,172.96,C,10,22,2026-02-20
HVAC-REF-R32-01417,"R-32, 100lb cylinder",Refrigerant,178.59,C,5,11,2026-01-18
HVAC-MSC-LINE-01418,"Line Set Insulation, Standard",Miscellaneous,41.47,C,3,7,2025-12-07
HVAC-REF-R134A-01419,"R-134a, 30lb tank",Refrigerant,222.34,B,5,9,2026-03-27
HVAC-COMP-ROTARY-01420,"Rotary Compressor, 1.5 Ton 208V",Compressor,856.21,C,7,15,2025-12-31
HVAC-COMP-SCROLL-01421,"Scroll Compressor, 1.5 Ton 208V",Compressor,1918.5,A,58,171,2026-04-20
HVAC-MSC-DRAIN-01422,"Drain Pan, Heavy Duty",Miscellaneous,68.8,C,6,15,2026-01-25
HVAC-MOT-BLOWER-01423,"Blower Motor, 3/4 HP",Motor,168.16,B,25,40,2026-03-10
HVAC-CU-HARD-01424,"Hard Copper Tubing, 7/8 in. x 50ft",Copper Tubing,173.25,C,8,13,2025-12-08
HVAC-COMP-RECIPR-01425,"Reciprocating Compressor, 2.5 Ton 230V",Compressor,753.52,C,6,13,2026-02-12
HVAC-MOT-PSC-01426,"PSC Motor, 1/2 HP",Motor,163.65,C,8,12,2026-01-08
HVAC-MSC-NITROG-01427,"Nitrogen Regulator, 3/4 in.",Miscellaneous,51.26,B,28,53,2026-04-12
HVAC-CU-HARD-01428,"Hard Copper Tubing, 3/8 in. x 50ft",Copper Tubing,125.67,C,10,20,2026-02-27
HVAC-REF-R410A-01429,"R-410A, 25lb cylinder",Refrigerant,290.87,C,8,23,2026-02-11
HVAC-CTL-DEFROS-01430,"Defrost Control Board, Heat Pump",Controls,48.46,B,20,55,2026-04-14
HVAC-CU-ACR-01431,"ACR Copper, 3/4 in. x 50ft",Copper Tubing,206.51,C,3,5,2026-01-18
HVAC-CTL-CAPACI-01432,"Capacitor, Heat Pump",Controls,50.75,B,27,53,2026-03-24
HVAC-MOT-INDUCE-01433,"Inducer Motor, 3/4 HP",Motor,286.51,B,25,72,2026-03-08
HVAC-CTL-DEFROS-01434,"Defrost Control Board, Single Stage",Controls,56.39,C,4,8,2026-01-10
HVAC-CTL-PRESSU-01435,"Pressure Switch, Heat Pump",Controls,40.76,C,7,19,2026-03-12
HVAC-CU-LINE-01436,"Line Set, 1/2 in. x 50ft",Copper Tubing,79.68,A,14,21,2026-05-08
HVAC-REF-R134A-01437,"R-134a, 25lb cylinder",Refrigerant,197.25,A,23,36,2026-04-01
HVAC-COMP-ROTARY-01438,"Rotary Compressor, 1.5 Ton 208V",Compressor,1866.26,A,37,78,2026-04-22
HVAC-CTL-FURNAC-01439,"Furnace Control Board, 70 MFD",Controls,163.56,C,5,8,2026-02-03
HVAC-REF-R410A-01440,"R-410A, 12oz can",Refrigerant,362.31,B,18,52,2026-04-09
HVAC-CTL-CAPACI-01441,"Capacitor, Two Stage",Controls,240.13,A,89,138,2026-03-23
HVAC-COMP-ROTARY-01442,"Rotary Compressor, 4 Ton 460V",Compressor,3335.46,B,11,21,2026-02-10
HVAC-MOT-BLOWER-01443,"Blower Motor, 1/6 HP",Motor,426.82,C,7,11,2026-02-01
HVAC-MOT-ECM-01444,"ECM Motor, 1/4 HP",Motor,210.09,A,63,141,2026-03-24
HVAC-CTL-PRESSU-01445,"Pressure Switch, 45 MFD",Controls,51.19,B,27,75,2026-03-21
HVAC-REF-R134A-01446,"R-134a, 30lb tank",Refrigerant,220.31,C,8,13,2025-12-04
HVAC-CTL-CAPACI-01447,"Capacitor, Heat Pump",Controls,98.43,C,9,13,2026-01-18
HVAC-COMP-VARIAB-01448,"Variable Speed Compressor, 2.5 Ton 230V",Compressor,1226.91,B,33,90,2026-03-11
HVAC-CU-HARD-01449,"Hard Copper Tubing, 1/4 in. x 50ft",Copper Tubing,110.61,B,24,60,2026-04-29
HVAC-REF-R448A-01450,"R-448A, 25lb cylinder",Refrigerant,261.9,B,20,58,2026-05-05
HVAC-REF-R448A-01451,"R-448A, 50lb jug",Refrigerant,360.35,A,22,37,2026-03-27
HVAC-REF-R410A-01452,"R-410A, 50lb jug",Refrigerant,213.12,C,11,19,2026-01-20
HVAC-MSC-FILTER-01453,"Filter Drier, Standard",Miscellaneous,184.03,A,37,78,2026-04-17
HVAC-COMP-ROTARY-01454,"Rotary Compressor, 2 Ton 208V",Compressor,638.32,A,81,215,2026-04-03
HVAC-MSC-NITROG-01455,"Nitrogen Regulator, 1 in.",Miscellaneous,65.52,C,10,27,2026-01-09
HVAC-COMP-VARIAB-01456,"Variable Speed Compressor, 2 Ton 208V",Compressor,1073.71,A,66,114,2026-05-15
HVAC-CU-ACR-01457,"ACR Copper, 3/8 in. x 50ft",Copper Tubing,48.03,C,5,8,2026-01-30
HVAC-CTL-PROGRA-01458,"Programmable Thermostat, 30A",Controls,84.75,A,64,129,2026-04-05
HVAC-REF-R410A-01459,"R-410A, 25lb cylinder",Refrigerant,283.78,C,6,10,2026-01-08
HVAC-CU-LINE-01460,"Line Set, 1/4 in. x 50ft",Copper Tubing,144.14,A,62,142,2026-05-15
HVAC-CTL-SMART-01461,"Smart Thermostat, Single Stage",Controls,35.11,B,14,37,2026-03-26
HVAC-CTL-CONTAC-01462,"Contactor, 45 MFD",Controls,48.33,A,37,68,2026-03-24
HVAC-CU-HARD-01463,"Hard Copper Tubing, 7/8 in. x 50ft",Copper Tubing,112.37,C,7,18,2026-01-27
HVAC-REF-R134A-01464,"R-134a, 25lb cylinder",Refrigerant,490.55,C,8,12,2026-01-15
HVAC-CU-SOFT-01465,"Soft Copper Tubing, 3/8 in. x 50ft",Copper Tubing,425.0,C,7,12,2026-01-08
HVAC-CTL-FURNAC-01466,"Furnace Control Board, Heat Pump",Controls,39.92,A,69,149,2026-03-09
HVAC-CTL-DEFROS-01467,"Defrost Control Board, Two Stage",Controls,224.96,C,6,13,2025-12-23
HVAC-CTL-CONTAC-01468,"Contactor, Single Stage",Controls,287.14,C,9,22,2026-01-23
HVAC-CU-LINE-01469,"Line Set, 1-1/8 in. x 50ft",Copper Tubing,229.24,B,31,47,2026-03-25
HVAC-MSC-FILTER-01470,"Filter Drier, 3/4 in.",Miscellaneous,44.85,A,20,57,2026-04-19
HVAC-COMP-ROTARY-01471,"Rotary Compressor, 1.5 Ton 208V",Compressor,2273.35,B,5,8,2026-05-15
HVAC-COMP-ROTARY-01472,"Rotary Compressor, 5 Ton 460V",Compressor,1015.14,C,10,25,2026-01-10
HVAC-MSC-SIGHT-01473,"Sight Glass, 1/2 in.",Miscellaneous,72.54,C,6,14,2026-01-02
HVAC-COMP-SCROLL-01474,"Scroll Compressor, 5 Ton 460V",Compressor,1323.3,A,39,79,2026-04-29
HVAC-CTL-DEFROS-01475,"Defrost Control Board, 40A",Controls,62.91,C,14,22,2026-02-07
HVAC-CTL-SMART-01476,"Smart Thermostat, 30A",Controls,37.75,C,8,18,2025-11-24
HVAC-REF-R22-01477,"R-22, 100lb cylinder",Refrigerant,417.33,C,5,13,2025-12-11
HVAC-MOT-PSC-01478,"PSC Motor, 1/4 HP",Motor,166.74,C,2,3,2025-12-12
HVAC-CTL-CAPACI-01479,"Capacitor, 30A",Controls,206.49,A,54,91,2026-04-08
HVAC-COMP-ROTARY-01480,"Rotary Compressor, 3.5 Ton 230V",Compressor,2373.07,C,2,3,2025-12-31
HVAC-CU-ACR-01481,"ACR Copper, 7/8 in. x 50ft",Copper Tubing,98.17,B,8,12,2026-02-17
HVAC-REF-R32-01482,"R-32, 25lb cylinder",Refrigerant,230.6,C,11,23,2025-12-31
HVAC-MOT-BLOWER-01483,"Blower Motor, 1/4 HP",Motor,234.76,B,20,57,2026-04-10
HVAC-CU-HARD-01484,"Hard Copper Tubing, 3/8 in. x 50ft",Copper Tubing,156.65,B,34,71,2026-02-09
HVAC-MOT-INDUCE-01485,"Inducer Motor, 1/2 HP",Motor,221.98,C,5,9,2026-01-11
HVAC-CU-LINE-01486,"Line Set, 1/2 in. x 50ft",Copper Tubing,135.76,B,18,45,2026-03-15
HVAC-MOT-INDUCE-01487,"Inducer Motor, 1/2 HP",Motor,121.93,B,19,49,2026-04-07
HVAC-CU-HARD-01488,"Hard Copper Tubing, 1/4 in. x 50ft",Copper Tubing,131.44,A,69,201,2026-05-11
HVAC-REF-R22-01489,"R-22, 30lb tank",Refrigerant,298.61,B,22,41,2026-03-18
HVAC-CTL-CONTAC-01490,"Contactor, Single Stage",Controls,85.56,C,8,17,2026-01-30
HVAC-CU-LINE-01491,"Line Set, 3/8 in. x 50ft",Copper Tubing,160.76,C,12,19,2025-12-27
HVAC-MSC-LINE-01492,"Line Set Insulation, 1 in.",Miscellaneous,77.25,B,15,29,2026-05-15
HVAC-CU-HARD-01493,"Hard Copper Tubing, 1-1/8 in. x 50ft",Copper Tubing,233.52,A,81,171,2026-04-06
HVAC-MSC-NITROG-01494,"Nitrogen Regulator, 3/4 in.",Miscellaneous,119.8,A,68,189,2026-04-25
HVAC-MSC-DRAIN-01495,"Drain Pan, Standard",Miscellaneous,49.16,B,6,11,2026-03-14
HVAC-REF-R32-01496,"R-32, 50lb jug",Refrigerant,414.46,C,7,11,2025-12-07
HVAC-MOT-INDUCE-01497,"Inducer Motor, 1/2 HP",Motor,165.2,A,54,143,2026-04-21
HVAC-CU-LINE-01498,"Line Set, 5/8 in. x 50ft",Copper Tubing,112.06,C,3,8,2026-01-23
HVAC-CTL-PRESSU-01499,"Pressure Switch, Single Stage",Controls,36.21,C,5,14,2025-12-23
HVAC-MOT-ECM-01500,"ECM Motor, 1 HP",Motor,123.22,A,76,177,2026-02-17
HVAC-MSC-SCHRAD-01501,"Schrader Valve Core, Heavy Duty",Miscellaneous,48.03,B,30,52,2026-05-15
HVAC-REF-R448A-01502,"R-448A, 12oz can",Refrigerant,273.6,A,76,220,2026-04-12
HVAC-MOT-PSC-01503,"PSC Motor, 1/3 HP",Motor,175.52,C,7,11,2025-12-29
HVAC-CTL-RELAY-01504,"Relay, 24V",Controls,44.7,C,8,16,2026-01-25
HVAC-REF-R22-01505,"R-22, 50lb jug",Refrigerant,150.35,C,7,12,2025-12-06
HVAC-REF-R22-01506,"R-22, 12oz can",Refrigerant,260.22,C,2,4,2026-01-02
HVAC-CTL-FURNAC-01507,"Furnace Control Board, 40A",Controls,43.79,C,8,22,2026-01-07
HVAC-CU-HARD-01508,"Hard Copper Tubing, 1/2 in. x 50ft",Copper Tubing,92.95,C,5,7,2026-01-13
HVAC-CU-ACR-01509,"ACR Copper, 5/8 in. x 50ft",Copper Tubing,152.73,B,15,34,2026-03-08
HVAC-MOT-INDUCE-01510,"Inducer Motor, 1/4 HP",Motor,185.93,A,8,19,2026-03-27
HVAC-MOT-ECM-01511,"ECM Motor, 1/3 HP",Motor,243.19,C,12,34,2026-01-17
HVAC-MOT-INDUCE-01512,"Inducer Motor, 1/6 HP",Motor,221.39,B,11,19,2026-02-13
HVAC-MSC-REFRIG-01513,"Refrigerant Recovery Tank, 1/2 in.",Miscellaneous,60.06,C,9,25,2026-01-03
HVAC-CU-LINE-01514,"Line Set, 5/8 in. x 50ft",Copper Tubing,140.09,C,7,11,2025-12-28
HVAC-CTL-CAPACI-01515,"Capacitor, Two Stage",Controls,29.44,B,7,12,2026-03-16
HVAC-MOT-INDUCE-01516,"Inducer Motor, 1/6 HP",Motor,178.79,C,4,7,2026-03-07
HVAC-COMP-VARIAB-01517,"Variable Speed Compressor, 3.5 Ton 230V",Compressor,1194.57,C,8,12,2026-01-02
HVAC-CU-LINE-01518,"Line Set, 5/8 in. x 50ft",Copper Tubing,191.88,C,7,18,2026-01-25
HVAC-MOT-PSC-01519,"PSC Motor, 1/2 HP",Motor,190.41,C,12,18,2025-11-23
HVAC-CU-ACR-01520,"ACR Copper, 5/8 in. x 50ft",Copper Tubing,132.16,A,30,69,2026-04-20
HVAC-REF-R134A-01521,"R-134a, 12oz can",Refrigerant,151.46,A,52,143,2026-04-22
HVAC-CTL-CAPACI-01522,"Capacitor, Heat Pump",Controls,62.58,B,21,36,2026-03-07
HVAC-COMP-VARIAB-01523,"Variable Speed Compressor, 1.5 Ton 208V",Compressor,891.75,B,2,4,2026-03-12
HVAC-CU-HARD-01524,"Hard Copper Tubing, 5/8 in. x 50ft",Copper Tubing,101.85,C,4,6,2025-12-27
HVAC-MOT-BLOWER-01525,"Blower Motor, 1/3 HP",Motor,186.76,B,27,41,2026-03-23
HVAC-CU-SOFT-01526,"Soft Copper Tubing, 1/2 in. x 50ft",Copper Tubing,113.26,C,9,14,2026-02-04
HVAC-CU-SOFT-01527,"Soft Copper Tubing, 1/2 in. x 50ft",Copper Tubing,63.68,B,14,40,2026-01-16
HVAC-CU-SOFT-01528,"Soft Copper Tubing, 1-1/8 in. x 50ft",Copper Tubing,123.5,A,17,27,2026-03-04
HVAC-MSC-SIGHT-01529,"Sight Glass, 3/4 in.",Miscellaneous,42.14,C,6,15,2026-01-26
HVAC-CU-SOFT-01530,"Soft Copper Tubing, 1/4 in. x 50ft",Copper Tubing,130.11,C,3,8,2025-12-30
HVAC-MSC-DRAIN-01531,"Drain Pan, 1 in.",Miscellaneous,37.48,C,2,3,2026-01-04
HVAC-COMP-SCROLL-01532,"Scroll Compressor, 3.5 Ton 230V",Compressor,1655.14,A,91,231,2026-04-24
HVAC-REF-R22-01533,"R-22, 100lb cylinder",Refrigerant,333.23,A,106,201,2026-05-15
HVAC-CTL-FURNAC-01534,"Furnace Control Board, 30A",Controls,33.21,C,2,3,2026-01-03
HVAC-COMP-RECIPR-01535,"Reciprocating Compressor, 2.5 Ton 230V",Compressor,1414.75,C,7,16,2026-01-25
HVAC-CTL-CONTAC-01536,"Contactor, Two Stage",Controls,106.56,B,14,35,2026-02-27
HVAC-CU-HARD-01537,"Hard Copper Tubing, 1-1/8 in. x 50ft",Copper Tubing,99.89,B,35,97,2026-04-30
HVAC-REF-R407C-01538,"R-407C, 25lb cylinder",Refrigerant,126.39,A,42,74,2026-02-12
HVAC-MOT-ECM-01539,"ECM Motor, 1/3 HP",Motor,194.2,C,8,19,2025-12-25
HVAC-CTL-CAPACI-01540,"Capacitor, 40A",Controls,89.13,B,13,30,2026-05-06
HVAC-CU-ACR-01541,"ACR Copper, 1-1/8 in. x 50ft",Copper Tubing,158.76,C,7,12,2026-02-01
HVAC-CU-SOFT-01542,"Soft Copper Tubing, 5/8 in. x 50ft",Copper Tubing,113.5,B,22,36,2026-04-03
HVAC-REF-R454B-01543,"R-454B, 12oz can",Refrigerant,459.04,B,34,52,2026-03-30
HVAC-COMP-ROTARY-01544,"Rotary Compressor, 2 Ton 208V",Compressor,1429.1,B,30,52,2026-03-12
HVAC-CTL-FURNAC-01545,"Furnace Control Board, 45 MFD",Controls,72.85,C,9,16,2025-12-25
HVAC-CTL-FURNAC-01546,"Furnace Control Board, 70 MFD",Controls,87.28,C,6,12,2026-02-27
HVAC-CTL-PRESSU-01547,"Pressure Switch, 45 MFD",Controls,193.87,B,25,73,2026-04-03
HVAC-MSC-SCHRAD-01548,"Schrader Valve Core, 1/2 in.",Miscellaneous,58.55,C,4,7,2026-02-17
HVAC-MOT-ECM-01549,"ECM Motor, 1/4 HP",Motor,114.02,B,19,43,2026-02-02
HVAC-CTL-RELAY-01550,"Relay, 40A",Controls,46.71,B,15,26,2026-02-28
HVAC-COMP-ROTARY-01551,"Rotary Compressor, 3 Ton 230V",Compressor,1079.6,C,5,10,2025-12-02
HVAC-REF-R448A-01552,"R-448A, 30lb tank",Refrigerant,128.21,B,15,37,2026-03-14
HVAC-CU-SOFT-01553,"Soft Copper Tubing, 1/2 in. x 50ft",Copper Tubing,84.28,B,10,21,2026-02-10
HVAC-REF-R454B-01554,"R-454B, 30lb tank",Refrigerant,200.93,B,15,28,2026-03-23
HVAC-CTL-DEFROS-01555,"Defrost Control Board, Heat Pump",Controls,52.6,C,9,14,2026-02-02
HVAC-REF-R410A-01556,"R-410A, 12oz can",Refrigerant,297.69,C,5,11,2025-12-10
HVAC-MOT-DIRECT-01557,"Direct Drive Motor, 1/3 HP",Motor,149.62,C,10,16,2026-02-11
HVAC-CU-LINE-01558,"Line Set, 3/8 in. x 50ft",Copper Tubing,49.25,C,12,33,2025-12-25
HVAC-CTL-RELAY-01559,"Relay, 40A",Controls,35.15,C,3,5,2026-01-23
HVAC-MOT-DIRECT-01560,"Direct Drive Motor, 1/2 HP",Motor,111.27,B,17,35,2026-03-12
HVAC-MOT-DIRECT-01561,"Direct Drive Motor, 3/4 HP",Motor,296.76,C,11,27,2026-01-20
HVAC-REF-R407C-01562,"R-407C, 100lb cylinder",Refrigerant,147.44,A,71,148,2026-04-20
HVAC-CU-SOFT-01563,"Soft Copper Tubing, 3/4 in. x 50ft",Copper Tubing,199.63,B,36,54,2026-03-07
HVAC-MSC-LINE-01564,"Line Set Insulation, 3/4 in.",Miscellaneous,42.46,B,28,60,2026-03-29
HVAC-CTL-DEFROS-01565,"Defrost Control Board, 30A",Controls,62.43,B,2,5,2026-03-09
HVAC-COMP-VARIAB-01566,"Variable Speed Compressor, 3 Ton 230V",Compressor,1696.68,C,7,11,2025-12-10
HVAC-CTL-FURNAC-01567,"Furnace Control Board, 40A",Controls,99.92,C,2,4,2026-02-06
HVAC-CTL-SMART-01568,"Smart Thermostat, 70 MFD",Controls,115.99,C,4,6,2025-12-10
HVAC-REF-R404A-01569,"R-404A, 50lb jug",Refrigerant,271.33,A,53,154,2026-05-15
HVAC-MSC-NITROG-01570,"Nitrogen Regulator, 1/2 in.",Miscellaneous,17.22,C,5,13,2025-12-25
HVAC-MOT-ECM-01571,"ECM Motor, 3/4 HP",Motor,229.21,A,55,150,2026-05-13
HVAC-CU-ACR-01572,"ACR Copper, 7/8 in. x 50ft",Copper Tubing,73.97,A,34,79,2026-04-18
HVAC-MOT-ECM-01573,"ECM Motor, 1/6 HP",Motor,110.4,A,33,79,2026-03-18
HVAC-CU-HARD-01574,"Hard Copper Tubing, 1/4 in. x 50ft",Copper Tubing,218.22,C,15,24,2026-02-13
HVAC-CTL-DEFROS-01575,"Defrost Control Board, 24V",Controls,125.54,B,17,38,2026-03-17
HVAC-CTL-PRESSU-01576,"Pressure Switch, 24V",Controls,105.43,A,66,139,2026-05-06
HVAC-MOT-BLOWER-01577,"Blower Motor, 1/4 HP",Motor,375.26,B,10,15,2026-03-17
HVAC-REF-R32-01578,"R-32, 12oz can",Refrigerant,268.3,A,50,137,2026-05-08
HVAC-MSC-SIGHT-01579,"Sight Glass, 3/4 in.",Miscellaneous,78.44,A,55,116,2026-04-18
HVAC-CU-HARD-01580,"Hard Copper Tubing, 1/2 in. x 50ft",Copper Tubing,91.12,B,36,64,2026-03-27
HVAC-MSC-DRAIN-01581,"Drain Pan, Standard",Miscellaneous,186.89,C,18,48,2025-12-19
HVAC-REF-R410A-01582,"R-410A, 100lb cylinder",Refrigerant,380.78,C,11,24,2026-01-02
HVAC-REF-R410A-01583,"R-410A, 50lb jug",Refrigerant,199.05,C,7,16,2026-01-20
HVAC-REF-R134A-01584,"R-134a, 12oz can",Refrigerant,310.36,C,5,14,2025-11-30
HVAC-REF-R404A-01585,"R-404A, 50lb jug",Refrigerant,338.61,C,11,23,2025-12-11
HVAC-CU-SOFT-01586,"Soft Copper Tubing, 3/8 in. x 50ft",Copper Tubing,344.03,C,9,20,2025-12-02
HVAC-CTL-RELAY-01587,"Relay, 45 MFD",Controls,56.42,C,9,25,2025-12-23
HVAC-CU-SOFT-01588,"Soft Copper Tubing, 5/8 in. x 50ft",Copper Tubing,73.12,C,9,17,2025-12-20
HVAC-MSC-FILTER-01589,"Filter Drier, 3/4 in.",Miscellaneous,51.98,B,11,26,2026-02-21
HVAC-CTL-FURNAC-01590,"Furnace Control Board, Heat Pump",Controls,42.34,B,14,39,2026-03-30
HVAC-CTL-RELAY-01591,"Relay, 45 MFD",Controls,57.09,C,3,6,2026-01-25
HVAC-CU-HARD-01592,"Hard Copper Tubing, 3/4 in. x 50ft",Copper Tubing,205.29,C,5,13,2026-01-12
HVAC-MOT-INDUCE-01593,"Inducer Motor, 1/3 HP",Motor,260.42,B,10,25,2026-03-01
HVAC-MOT-INDUCE-01594,"Inducer Motor, 1/4 HP",Motor,674.71,A,53,151,2026-04-24
HVAC-REF-R448A-01595,"R-448A, 100lb cylinder",Refrigerant,404.26,C,7,16,2025-11-30
HVAC-CU-HARD-01596,"Hard Copper Tubing, 1/4 in. x 50ft",Copper Tubing,96.38,C,8,12,2025-12-15
HVAC-COMP-ROTARY-01597,"Rotary Compressor, 3 Ton 230V",Compressor,754.8,B,19,37,2026-03-17
HVAC-COMP-SCROLL-01598,"Scroll Compressor, 5 Ton 460V",Compressor,728.8,A,41,93,2026-04-08
HVAC-REF-R404A-01599,"R-404A, 30lb tank",Refrigerant,179.43,A,37,88,2026-05-15
HVAC-MSC-FILTER-01600,"Filter Drier, Heavy Duty",Miscellaneous,78.99,B,26,57,2026-02-11
HVAC-REF-R134A-01601,"R-134a, 30lb tank",Refrigerant,464.58,A,42,102,2026-04-18
HVAC-MOT-PSC-01602,"PSC Motor, 1/2 HP",Motor,213.51,A,80,197,2026-05-15
HVAC-CTL-PRESSU-01603,"Pressure Switch, 24V",Controls,48.21,C,10,20,2026-01-01
HVAC-MOT-DIRECT-01604,"Direct Drive Motor, 1/6 HP",Motor,247.96,C,12,27,2026-01-09
HVAC-CTL-CONTAC-01605,"Contactor, 45 MFD",Controls,147.66,B,32,94,2026-02-22
HVAC-MOT-ECM-01606,"ECM Motor, 1 HP",Motor,217.84,B,25,41,2026-03-16
HVAC-CTL-CONTAC-01607,"Contactor, 40A",Controls,364.04,C,10,19,2025-12-21
HVAC-REF-R454B-01608,"R-454B, 12oz can",Refrigerant,384.01,C,6,17,2025-12-27
HVAC-REF-R22-01609,"R-22, 50lb jug",Refrigerant,149.79,C,5,12,2025-11-28
HVAC-MOT-INDUCE-01610,"Inducer Motor, 1 HP",Motor,137.45,A,32,50,2026-05-15
HVAC-MOT-PSC-01611,"PSC Motor, 1/2 HP",Motor,412.11,A,51,134,2026-05-02
HVAC-MOT-PSC-01612,"PSC Motor, 1 HP",Motor,386.73,B,21,38,2026-03-09
HVAC-CTL-DEFROS-01613,"Defrost Control Board, 120V",Controls,64.41,C,5,14,2026-01-13
HVAC-CU-ACR-01614,"ACR Copper, 7/8 in. x 50ft",Copper Tubing,127.24,C,7,10,2025-12-23
HVAC-MOT-CONDEN-01615,"Condenser Fan Motor, 1/4 HP",Motor,222.02,B,23,39,2026-02-28
HVAC-COMP-ROTARY-01616,"Rotary Compressor, 2.5 Ton 230V",Compressor,1230.81,C,5,11,2026-01-09
HVAC-MOT-DIRECT-01617,"Direct Drive Motor, 3/4 HP",Motor,300.16,B,25,45,2026-03-01
HVAC-CU-LINE-01618,"Line Set, 7/8 in. x 50ft",Copper Tubing,85.8,C,8,20,2026-02-08
HVAC-MSC-DRAIN-01619,"Drain Pan, 3/4 in.",Miscellaneous,58.23,A,43,103,2026-05-15
HVAC-COMP-VARIAB-01620,"Variable Speed Compressor, 3 Ton 230V",Compressor,1721.78,C,5,8,2025-12-15
HVAC-CTL-SMART-01621,"Smart Thermostat, 30A",Controls,39.29,C,5,10,2026-01-01
HVAC-MOT-CONDEN-01622,"Condenser Fan Motor, 1/6 HP",Motor,313.21,B,13,36,2026-02-21
HVAC-CU-LINE-01623,"Line Set, 5/8 in. x 50ft",Copper Tubing,95.26,B,23,37,2026-04-06
HVAC-REF-R448A-01624,"R-448A, 50lb jug",Refrigerant,554.74,A,34,65,2026-03-22
HVAC-REF-R407C-01625,"R-407C, 50lb jug",Refrigerant,544.48,A,33,85,2026-04-27
HVAC-CU-SOFT-01626,"Soft Copper Tubing, 5/8 in. x 50ft",Copper Tubing,318.58,B,20,40,2026-03-27
HVAC-COMP-SCROLL-01627,"Scroll Compressor, 1.5 Ton 208V",Compressor,841.98,C,8,18,2026-01-10
HVAC-CU-ACR-01628,"ACR Copper, 5/8 in. x 50ft",Copper Tubing,89.62,C,7,14,2026-01-11
HVAC-MOT-ECM-01629,"ECM Motor, 1 HP",Motor,292.05,C,12,21,2025-11-16
HVAC-CU-ACR-01630,"ACR Copper, 1-1/8 in. x 50ft",Copper Tubing,323.3,C,5,7,2026-01-30
HVAC-CTL-FURNAC-01631,"Furnace Control Board, 40A",Controls,47.97,C,5,8,2026-01-19
HVAC-CTL-PROGRA-01632,"Programmable Thermostat, 24V",Controls,121.88,C,9,16,2026-01-14
HVAC-CTL-CONTAC-01633,"Contactor, 120V",Controls,46.8,C,2,5,2026-01-08
HVAC-MSC-REFRIG-01634,"Refrigerant Recovery Tank, 1 in.",Miscellaneous,51.07,C,10,21,2026-02-11
HVAC-REF-R448A-01635,"R-448A, 12oz can",Refrigerant,148.87,C,6,16,2025-11-29
HVAC-CU-ACR-01636,"ACR Copper, 1/4 in. x 50ft",Copper Tubing,103.45,C,9,16,2026-02-02
HVAC-MOT-CONDEN-01637,"Condenser Fan Motor, 3/4 HP",Motor,225.81,C,3,8,2026-01-20
HVAC-CU-HARD-01638,"Hard Copper Tubing, 7/8 in. x 50ft",Copper Tubing,103.69,C,4,8,2025-12-02
HVAC-COMP-VARIAB-01639,"Variable Speed Compressor, 2 Ton 208V",Compressor,2066.35,B,21,45,2026-02-08
HVAC-CU-ACR-01640,"ACR Copper, 1-1/8 in. x 50ft",Copper Tubing,108.46,B,14,38,2026-02-24
HVAC-CU-LINE-01641,"Line Set, 1-1/8 in. x 50ft",Copper Tubing,208.55,C,4,6,2026-01-11
HVAC-REF-R454B-01642,"R-454B, 50lb jug",Refrigerant,431.14,A,28,62,2026-05-07
HVAC-CU-SOFT-01643,"Soft Copper Tubing, 3/4 in. x 50ft",Copper Tubing,184.87,A,14,25,2026-05-15
HVAC-CU-SOFT-01644,"Soft Copper Tubing, 3/8 in. x 50ft",Copper Tubing,97.2,A,42,85,2026-05-04
HVAC-MOT-ECM-01645,"ECM Motor, 1/6 HP",Motor,144.54,C,8,18,2025-12-17
HVAC-CU-ACR-01646,"ACR Copper, 3/8 in. x 50ft",Copper Tubing,68.99,C,13,20,2026-01-20
HVAC-CTL-SMART-01647,"Smart Thermostat, 24V",Controls,84.43,C,14,39,2026-02-26
HVAC-REF-R407C-01648,"R-407C, 50lb jug",Refrigerant,207.83,B,9,15,2026-03-29
HVAC-CU-ACR-01649,"ACR Copper, 1/2 in. x 50ft",Copper Tubing,59.3,B,31,67,2026-03-06
HVAC-MOT-BLOWER-01650,"Blower Motor, 1/4 HP",Motor,382.12,C,7,13,2026-01-13
HVAC-CU-SOFT-01651,"Soft Copper Tubing, 7/8 in. x 50ft",Copper Tubing,320.82,C,8,14,2025-12-17
HVAC-CTL-FURNAC-01652,"Furnace Control Board, 45 MFD",Controls,130.24,A,37,77,2026-04-13
HVAC-COMP-SCROLL-01653,"Scroll Compressor, 5 Ton 460V",Compressor,1128.39,C,11,23,2026-01-11
HVAC-COMP-SCROLL-01654,"Scroll Compressor, 3 Ton 230V",Compressor,1012.42,B,20,33,2026-03-25
HVAC-COMP-RECIPR-01655,"Reciprocating Compressor, 3 Ton 230V",Compressor,1576.12,A,85,218,2026-05-15
HVAC-CU-SOFT-01656,"Soft Copper Tubing, 3/4 in. x 50ft",Copper Tubing,85.2,C,9,21,2025-12-28
HVAC-REF-R410A-01657,"R-410A, 25lb cylinder",Refrigerant,341.91,C,4,6,2026-02-01
HVAC-MSC-BRAZIN-01658,"Brazing Rod, 3/4 in.",Miscellaneous,245.0,A,56,114,2026-04-30
HVAC-COMP-ROTARY-01659,"Rotary Compressor, 2.5 Ton 230V",Compressor,636.89,C,10,17,2026-01-04
HVAC-MSC-FILTER-01660,"Filter Drier, 3/4 in.",Miscellaneous,25.64,B,17,49,2026-01-30
HVAC-CU-SOFT-01661,"Soft Copper Tubing, 1/4 in. x 50ft",Copper Tubing,166.73,B,21,33,2026-03-23
HVAC-CU-ACR-01662,"ACR Copper, 1/4 in. x 50ft",Copper Tubing,115.71,C,11,18,2025-12-17
HVAC-REF-R410A-01663,"R-410A, 100lb cylinder",Refrigerant,317.56,B,13,28,2026-03-16
HVAC-COMP-ROTARY-01664,"Rotary Compressor, 4 Ton 460V",Compressor,1109.79,C,8,23,2025-12-19
HVAC-CTL-SMART-01665,"Smart Thermostat, Two Stage",Controls,70.19,C,4,11,2025-12-31
HVAC-MOT-CONDEN-01666,"Condenser Fan Motor, 1 HP",Motor,140.05,C,8,20,2026-01-08
HVAC-COMP-ROTARY-01667,"Rotary Compressor, 4 Ton 460V",Compressor,1446.56,B,12,21,2026-02-18
HVAC-COMP-ROTARY-01668,"Rotary Compressor, 1.5 Ton 208V",Compressor,872.46,A,63,168,2026-03-15
HVAC-CTL-RELAY-01669,"Relay, 70 MFD",Controls,65.07,C,12,33,2026-01-16
HVAC-CU-SOFT-01670,"Soft Copper Tubing, 1-1/8 in. x 50ft",Copper Tubing,68.31,C,10,16,2026-02-03
HVAC-CTL-CAPACI-01671,"Capacitor, 30A",Controls,41.92,B,13,28,2026-03-23
HVAC-CTL-FURNAC-01672,"Furnace Control Board, Two Stage",Controls,141.46,B,29,76,2026-04-24
HVAC-CTL-RELAY-01673,"Relay, 40A",Controls,143.25,B,26,40,2026-04-02
HVAC-CU-SOFT-01674,"Soft Copper Tubing, 3/8 in. x 50ft",Copper Tubing,102.35,C,11,27,2026-02-10
HVAC-CU-HARD-01675,"Hard Copper Tubing, 1/4 in. x 50ft",Copper Tubing,152.33,A,46,111,2026-03-13
HVAC-MOT-ECM-01676,"ECM Motor, 1/3 HP",Motor,335.82,A,47,126,2026-03-21
HVAC-REF-R454B-01677,"R-454B, 25lb cylinder",Refrigerant,251.65,C,3,6,2026-01-22
HVAC-MOT-PSC-01678,"PSC Motor, 1 HP",Motor,174.37,C,9,18,2025-12-07
HVAC-REF-R134A-01679,"R-134a, 25lb cylinder",Refrigerant,265.24,C,3,4,2025-12-24
HVAC-COMP-VARIAB-01680,"Variable Speed Compressor, 2 Ton 208V",Compressor,1257.57,C,8,16,2025-12-24
HVAC-CTL-PRESSU-01681,"Pressure Switch, Two Stage",Controls,60.46,C,6,9,2025-11-26
HVAC-CU-SOFT-01682,"Soft Copper Tubing, 7/8 in. x 50ft",Copper Tubing,104.33,C,7,18,2026-01-10
HVAC-MSC-SIGHT-01683,"Sight Glass, Heavy Duty",Miscellaneous,48.93,A,16,29,2026-05-15
HVAC-MOT-ECM-01684,"ECM Motor, 1/6 HP",Motor,685.0,B,11,32,2026-04-09
HVAC-REF-R32-01685,"R-32, 50lb jug",Refrigerant,358.37,C,7,14,2026-01-19
HVAC-MSC-BRAZIN-01686,"Brazing Rod, 1 in.",Miscellaneous,192.13,B,7,18,2026-04-25
HVAC-CU-ACR-01687,"ACR Copper, 1/4 in. x 50ft",Copper Tubing,61.84,C,10,18,2025-12-29
HVAC-CTL-DEFROS-01688,"Defrost Control Board, Heat Pump",Controls,187.1,C,13,25,2026-01-17
HVAC-CU-SOFT-01689,"Soft Copper Tubing, 3/4 in. x 50ft",Copper Tubing,50.31,C,6,9,2026-01-22
HVAC-MSC-SCHRAD-01690,"Schrader Valve Core, Standard",Miscellaneous,96.19,B,30,71,2026-03-11
HVAC-CTL-DEFROS-01691,"Defrost Control Board, 30A",Controls,154.75,C,8,22,2025-12-31
HVAC-REF-R454B-01692,"R-454B, 100lb cylinder",Refrigerant,760.07,C,3,8,2026-01-23
HVAC-COMP-VARIAB-01693,"Variable Speed Compressor, 1.5 Ton 208V",Compressor,1250.84,B,9,20,2026-02-24
HVAC-COMP-RECIPR-01694,"Reciprocating Compressor, 1.5 Ton 208V",Compressor,2028.11,B,26,76,2026-04-24
HVAC-REF-R448A-01695,"R-448A, 12oz can",Refrigerant,252.08,C,4,7,2025-11-28
HVAC-REF-R22-01696,"R-22, 30lb tank",Refrigerant,178.72,A,66,127,2026-04-18
HVAC-CU-SOFT-01697,"Soft Copper Tubing, 3/8 in. x 50ft",Copper Tubing,66.17,C,5,12,2026-01-03
HVAC-COMP-SCROLL-01698,"Scroll Compressor, 3.5 Ton 230V",Compressor,1127.39,B,24,70,2026-02-21
HVAC-COMP-SCROLL-01699,"Scroll Compressor, 2.5 Ton 230V",Compressor,2680.77,C,12,19,2026-02-05
HVAC-MOT-BLOWER-01700,"Blower Motor, 1 HP",Motor,259.56,C,7,11,2026-02-25
HVAC-COMP-VARIAB-01701,"Variable Speed Compressor, 5 Ton 460V",Compressor,1553.51,B,27,55,2026-02-01
HVAC-CU-HARD-01702,"Hard Copper Tubing, 3/4 in. x 50ft",Copper Tubing,143.15,C,7,16,2026-02-08
HVAC-MOT-CONDEN-01703,"Condenser Fan Motor, 1/6 HP",Motor,157.19,A,61,126,2026-05-12
HVAC-REF-R454B-01704,"R-454B, 100lb cylinder",Refrigerant,501.01,C,6,12,2026-01-26
HVAC-MSC-NITROG-01705,"Nitrogen Regulator, 1 in.",Miscellaneous,11.67,C,6,15,2026-01-14
HVAC-CTL-FURNAC-01706,"Furnace Control Board, Single Stage",Controls,37.8,B,17,37,2026-02-22
HVAC-CU-ACR-01707,"ACR Copper, 3/8 in. x 50ft",Copper Tubing,145.94,C,11,21,2026-02-14
HVAC-CU-SOFT-01708,"Soft Copper Tubing, 3/8 in. x 50ft",Copper Tubing,167.74,A,32,59,2026-05-10
HVAC-CTL-PRESSU-01709,"Pressure Switch, 30A",Controls,59.91,B,20,40,2026-02-16
HVAC-COMP-ROTARY-01710,"Rotary Compressor, 2.5 Ton 230V",Compressor,1172.87,C,11,22,2026-02-07
HVAC-CTL-CAPACI-01711,"Capacitor, 24V",Controls,54.9,B,29,56,2026-04-05
HVAC-CU-ACR-01712,"ACR Copper, 7/8 in. x 50ft",Copper Tubing,82.03,C,8,23,2026-01-20
HVAC-CTL-CONTAC-01713,"Contactor, 24V",Controls,39.21,B,32,60,2026-04-04
HVAC-CU-HARD-01714,"Hard Copper Tubing, 1-1/8 in. x 50ft",Copper Tubing,77.29,C,6,9,2025-12-28
HVAC-MOT-DIRECT-01715,"Direct Drive Motor, 1/3 HP",Motor,165.66,B,3,6,2026-02-10
HVAC-MSC-SCHRAD-01716,"Schrader Valve Core, 3/4 in.",Miscellaneous,16.58,B,24,67,2026-02-09
HVAC-MOT-BLOWER-01717,"Blower Motor, 3/4 HP",Motor,152.85,C,7,16,2025-12-23
HVAC-CTL-PROGRA-01718,"Programmable Thermostat, Two Stage",Controls,47.59,B,17,30,2026-02-17
HVAC-CTL-FURNAC-01719,"Furnace Control Board, 40A",Controls,385.0,B,31,73,2026-03-12
HVAC-MOT-INDUCE-01720,"Inducer Motor, 1/3 HP",Motor,223.41,B,12,29,2026-02-11
HVAC-REF-R454B-01721,"R-454B, 12oz can",Refrigerant,345.61,C,9,22,2026-01-30
HVAC-COMP-SCROLL-01722,"Scroll Compressor, 1.5 Ton 208V",Compressor,1285.23,B,17,31,2026-02-04
HVAC-MSC-NITROG-01723,"Nitrogen Regulator, 1/2 in.",Miscellaneous,22.86,C,10,26,2026-01-06
HVAC-CTL-FURNAC-01724,"Furnace Control Board, 24V",Controls,151.48,B,17,27,2026-02-03
HVAC-CTL-DEFROS-01725,"Defrost Control Board, Two Stage",Controls,105.33,A,61,93,2026-05-08
HVAC-MOT-BLOWER-01726,"Blower Motor, 1/6 HP",Motor,139.51,A,78,157,2026-03-13
HVAC-CTL-DEFROS-01727,"Defrost Control Board, 70 MFD",Controls,134.7,C,9,23,2025-11-08
HVAC-MOT-BLOWER-01728,"Blower Motor, 1/4 HP",Motor,104.34,B,22,44,2026-03-15
HVAC-REF-R32-01729,"R-32, 12oz can",Refrigerant,244.45,A,67,185,2026-05-15
HVAC-MOT-DIRECT-01730,"Direct Drive Motor, 1/2 HP",Motor,186.2,B,19,56,2026-03-06
HVAC-MOT-ECM-01731,"ECM Motor, 1/4 HP",Motor,158.18,B,16,28,2026-03-01
HVAC-CTL-FURNAC-01732,"Furnace Control Board, Two Stage",Controls,111.23,B,23,35,2026-01-27
HVAC-REF-R404A-01733,"R-404A, 50lb jug",Refrigerant,474.24,B,23,43,2026-02-21
HVAC-MOT-INDUCE-01734,"Inducer Motor, 1/4 HP",Motor,150.95,A,63,134,2026-05-03
HVAC-REF-R407C-01735,"R-407C, 100lb cylinder",Refrigerant,171.95,C,2,3,2025-12-12
HVAC-MSC-NITROG-01736,"Nitrogen Regulator, 3/4 in.",Miscellaneous,49.14,A,42,117,2026-05-15
HVAC-REF-R407C-01737,"R-407C, 12oz can",Refrigerant,183.85,C,9,20,2025-12-31
HVAC-REF-R32-01738,"R-32, 100lb cylinder",Refrigerant,303.01,A,35,55,2026-04-28
HVAC-CU-ACR-01739,"ACR Copper, 5/8 in. x 50ft",Copper Tubing,63.72,B,18,51,2026-03-03
HVAC-REF-R454B-01740,"R-454B, 12oz can",Refrigerant,241.02,C,11,29,2025-12-24
HVAC-MOT-PSC-01741,"PSC Motor, 1/2 HP",Motor,427.42,C,12,26,2026-01-19
HVAC-CU-ACR-01742,"ACR Copper, 1-1/8 in. x 50ft",Copper Tubing,110.5,C,10,27,2025-12-05
HVAC-CTL-DEFROS-01743,"Defrost Control Board, 45 MFD",Controls,69.79,C,3,6,2026-01-05
HVAC-MSC-LINE-01744,"Line Set Insulation, Standard",Miscellaneous,191.76,C,6,10,2026-01-07
HVAC-CTL-RELAY-01745,"Relay, 120V",Controls,160.62,B,10,22,2026-03-31
HVAC-CTL-CONTAC-01746,"Contactor, 70 MFD",Controls,66.09,C,8,18,2026-01-17
HVAC-REF-R454B-01747,"R-454B, 30lb tank",Refrigerant,148.46,C,7,18,2025-12-03
HVAC-REF-R454B-01748,"R-454B, 100lb cylinder",Refrigerant,180.07,B,22,46,2026-03-12
HVAC-CU-ACR-01749,"ACR Copper, 5/8 in. x 50ft",Copper Tubing,68.62,C,9,18,2025-12-03
HVAC-CU-LINE-01750,"Line Set, 5/8 in. x 50ft",Copper Tubing,88.86,A,37,84,2026-05-15
HVAC-MOT-ECM-01751,"ECM Motor, 1/2 HP",Motor,519.11,C,9,25,2026-02-04
HVAC-COMP-VARIAB-01752,"Variable Speed Compressor, 1.5 Ton 208V",Compressor,1289.21,B,6,14,2026-03-27
HVAC-CU-LINE-01753,"Line Set, 3/8 in. x 50ft",Copper Tubing,122.44,C,10,25,2025-12-24
HVAC-REF-R448A-01754,"R-448A, 50lb jug",Refrigerant,161.76,B,37,87,2026-02-15
HVAC-MSC-REFRIG-01755,"Refrigerant Recovery Tank, 3/4 in.",Miscellaneous,46.62,B,2,3,2026-01-18
HVAC-CU-SOFT-01756,"Soft Copper Tubing, 1/4 in. x 50ft",Copper Tubing,49.51,B,21,42,2026-02-25
HVAC-CU-LINE-01757,"Line Set, 5/8 in. x 50ft",Copper Tubing,109.59,C,4,6,2026-01-14
HVAC-CTL-RELAY-01758,"Relay, 40A",Controls,97.94,C,12,28,2026-01-25
HVAC-CTL-RELAY-01759,"Relay, 30A",Controls,102.04,B,13,19,2026-03-25
HVAC-MOT-PSC-01760,"PSC Motor, 1/2 HP",Motor,182.44,A,34,61,2026-05-10
HVAC-MOT-ECM-01761,"ECM Motor, 1 HP",Motor,182.43,A,36,100,2026-04-17
HVAC-MOT-INDUCE-01762,"Inducer Motor, 1/6 HP",Motor,182.19,C,7,13,2026-02-07
HVAC-REF-R404A-01763,"R-404A, 25lb cylinder",Refrigerant,648.96,C,9,19,2026-02-08
HVAC-CU-SOFT-01764,"Soft Copper Tubing, 5/8 in. x 50ft",Copper Tubing,147.9,A,31,51,2026-03-24
HVAC-MOT-INDUCE-01765,"Inducer Motor, 1/4 HP",Motor,232.69,C,10,16,2025-12-14
HVAC-CU-HARD-01766,"Hard Copper Tubing, 1-1/8 in. x 50ft",Copper Tubing,87.35,C,13,38,2026-02-11
HVAC-MSC-BRAZIN-01767,"Brazing Rod, 1 in.",Miscellaneous,127.12,A,54,154,2026-04-23
HVAC-CU-LINE-01768,"Line Set, 3/4 in. x 50ft",Copper Tubing,172.37,C,5,9,2025-12-20
HVAC-CU-ACR-01769,"ACR Copper, 7/8 in. x 50ft",Copper Tubing,46.52,B,16,28,2026-04-19
HVAC-CU-LINE-01770,"Line Set, 7/8 in. x 50ft",Copper Tubing,135.43,C,10,24,2026-01-04
HVAC-CTL-PROGRA-01771,"Programmable Thermostat, 40A",Controls,53.52,B,21,60,2026-03-09
HVAC-CU-ACR-01772,"ACR Copper, 7/8 in. x 50ft",Copper Tubing,182.63,C,10,18,2026-01-10
HVAC-CU-HARD-01773,"Hard Copper Tubing, 3/8 in. x 50ft",Copper Tubing,75.91,C,9,15,2026-01-23
HVAC-MSC-NITROG-01774,"Nitrogen Regulator, 1/2 in.",Miscellaneous,73.74,B,19,33,2026-03-06
HVAC-CTL-CAPACI-01775,"Capacitor, 24V",Controls,85.15,B,14,27,2026-04-20
HVAC-CU-HARD-01776,"Hard Copper Tubing, 1/2 in. x 50ft",Copper Tubing,141.77,C,5,8,2026-01-16
HVAC-REF-R448A-01777,"R-448A, 50lb jug",Refrigerant,313.31,A,76,192,2026-03-28
HVAC-MOT-ECM-01778,"ECM Motor, 1/4 HP",Motor,143.19,A,33,71,2026-03-22
HVAC-CU-HARD-01779,"Hard Copper Tubing, 1/4 in. x 50ft",Copper Tubing,104.18,C,4,8,2026-01-17
HVAC-MSC-DRAIN-01780,"Drain Pan, 1/2 in.",Miscellaneous,36.2,B,20,50,2026-01-29
HVAC-CTL-RELAY-01781,"Relay, 40A",Controls,65.99,C,10,15,2026-01-04
HVAC-MSC-DRAIN-01782,"Drain Pan, Heavy Duty",Miscellaneous,118.72,C,8,13,2026-03-01
HVAC-CTL-FURNAC-01783,"Furnace Control Board, 40A",Controls,103.36,C,7,19,2025-12-16
HVAC-CU-HARD-01784,"Hard Copper Tubing, 1-1/8 in. x 50ft",Copper Tubing,295.0,A,67,140,2026-04-06
HVAC-CU-ACR-01785,"ACR Copper, 1/2 in. x 50ft",Copper Tubing,199.01,A,78,160,2026-04-19
HVAC-CTL-CONTAC-01786,"Contactor, 70 MFD",Controls,49.59,B,18,37,2026-04-02
HVAC-CU-ACR-01787,"ACR Copper, 3/4 in. x 50ft",Copper Tubing,302.26,B,16,38,2026-03-02
HVAC-CU-LINE-01788,"Line Set, 7/8 in. x 50ft",Copper Tubing,152.91,B,24,53,2026-02-14
HVAC-CU-ACR-01789,"ACR Copper, 1-1/8 in. x 50ft",Copper Tubing,131.72,B,26,74,2026-03-04
HVAC-COMP-SCROLL-01790,"Scroll Compressor, 1.5 Ton 208V",Compressor,714.23,C,6,11,2026-02-19
HVAC-CU-LINE-01791,"Line Set, 1-1/8 in. x 50ft",Copper Tubing,61.97,B,25,40,2026-03-17
HVAC-COMP-ROTARY-01792,"Rotary Compressor, 2.5 Ton 230V",Compressor,898.54,B,24,45,2026-03-19
HVAC-MSC-FILTER-01793,"Filter Drier, Standard",Miscellaneous,41.75,C,9,16,2026-01-03
HVAC-MOT-DIRECT-01794,"Direct Drive Motor, 1/3 HP",Motor,117.97,B,2,4,2026-02-26
HVAC-REF-R410A-01795,"R-410A, 50lb jug",Refrigerant,317.26,C,10,15,2025-12-30
HVAC-MOT-PSC-01796,"PSC Motor, 1/6 HP",Motor,312.8,C,7,16,2026-01-03
HVAC-MOT-CONDEN-01797,"Condenser Fan Motor, 1/6 HP",Motor,497.28,B,22,54,2026-04-29
HVAC-CU-ACR-01798,"ACR Copper, 3/4 in. x 50ft",Copper Tubing,278.44,A,37,80,2026-04-21
HVAC-MOT-PSC-01799,"PSC Motor, 1 HP",Motor,216.38,A,83,155,2026-05-11
HVAC-COMP-RECIPR-01800,"Reciprocating Compressor, 4 Ton 460V",Compressor,2061.19,C,9,26,2025-12-21
HVAC-MOT-PSC-01801,"PSC Motor, 1/4 HP",Motor,199.4,C,7,20,2026-01-20
HVAC-REF-R454B-01802,"R-454B, 100lb cylinder",Refrigerant,460.32,C,8,15,2026-01-09
HVAC-CU-HARD-01803,"Hard Copper Tubing, 7/8 in. x 50ft",Copper Tubing,98.66,C,6,15,2025-12-24
HVAC-CTL-DEFROS-01804,"Defrost Control Board, Two Stage",Controls,42.66,A,63,121,2026-04-23
HVAC-REF-R448A-01805,"R-448A, 50lb jug",Refrigerant,209.63,A,60,131,2026-04-07
HVAC-CTL-SMART-01806,"Smart Thermostat, 45 MFD",Controls,206.33,A,81,154,2026-04-28
HVAC-REF-R22-01807,"R-22, 50lb jug",Refrigerant,467.75,A,55,119,2026-05-15
HVAC-MOT-BLOWER-01808,"Blower Motor, 1/6 HP",Motor,155.09,C,7,12,2026-02-02
HVAC-MSC-REFRIG-01809,"Refrigerant Recovery Tank, 3/4 in.",Miscellaneous,72.78,C,3,7,2026-01-22
HVAC-CU-LINE-01810,"Line Set, 1-1/8 in. x 50ft",Copper Tubing,77.66,A,7,12,2026-05-15
HVAC-MSC-BRAZIN-01811,"Brazing Rod, Standard",Miscellaneous,52.21,B,18,38,2026-02-09
HVAC-CTL-SMART-01812,"Smart Thermostat, Single Stage",Controls,78.06,C,6,15,2025-11-22
HVAC-COMP-SCROLL-01813,"Scroll Compressor, 2.5 Ton 230V",Compressor,3608.81,A,38,103,2026-05-09
HVAC-REF-R32-01814,"R-32, 12oz can",Refrigerant,150.29,B,19,32,2026-03-11
HVAC-MSC-DRAIN-01815,"Drain Pan, 1 in.",Miscellaneous,35.71,A,55,94,2026-03-06
HVAC-CU-SOFT-01816,"Soft Copper Tubing, 1/2 in. x 50ft",Copper Tubing,135.45,C,4,7,2025-12-18
HVAC-MOT-CONDEN-01817,"Condenser Fan Motor, 3/4 HP",Motor,122.16,C,7,12,2026-01-14
HVAC-MSC-FILTER-01818,"Filter Drier, Standard",Miscellaneous,159.39,B,13,38,2026-01-04
HVAC-REF-R448A-01819,"R-448A, 25lb cylinder",Refrigerant,308.88,B,13,30,2026-01-04
HVAC-MOT-CONDEN-01820,"Condenser Fan Motor, 1/6 HP",Motor,143.58,B,13,34,2026-03-06
HVAC-COMP-RECIPR-01821,"Reciprocating Compressor, 5 Ton 460V",Compressor,711.43,C,5,12,2026-01-10
HVAC-CTL-PROGRA-01822,"Programmable Thermostat, 24V",Controls,54.93,A,67,189,2026-05-11
HVAC-MSC-DRAIN-01823,"Drain Pan, 3/4 in.",Miscellaneous,156.74,C,8,20,2025-12-11
HVAC-MSC-LINE-01824,"Line Set Insulation, Standard",Miscellaneous,46.33,A,70,128,2026-03-24
HVAC-REF-R407C-01825,"R-407C, 12oz can",Refrigerant,184.59,C,11,28,2026-01-18
HVAC-CTL-PRESSU-01826,"Pressure Switch, 30A",Controls,37.72,C,6,10,2026-02-13
HVAC-REF-R404A-01827,"R-404A, 100lb cylinder",Refrigerant,178.95,B,13,28,2026-02-13
HVAC-MSC-SCHRAD-01828,"Schrader Valve Core, 1 in.",Miscellaneous,52.49,B,19,31,2026-03-25
HVAC-MSC-SCHRAD-01829,"Schrader Valve Core, 3/4 in.",Miscellaneous,41.5,C,13,27,2025-12-03
HVAC-CU-LINE-01830,"Line Set, 7/8 in. x 50ft",Copper Tubing,84.21,C,7,12,2025-12-16
HVAC-COMP-VARIAB-01831,"Variable Speed Compressor, 3 Ton 230V",Compressor,4800.0,B,21,37,2026-03-27
HVAC-MSC-LINE-01832,"Line Set Insulation, 1 in.",Miscellaneous,30.39,B,15,27,2026-03-25
HVAC-MSC-SCHRAD-01833,"Schrader Valve Core, 1/2 in.",Miscellaneous,23.95,C,6,15,2026-01-11
HVAC-MSC-LINE-01834,"Line Set Insulation, Standard",Miscellaneous,85.84,C,8,21,2025-12-31
HVAC-CTL-RELAY-01835,"Relay, Single Stage",Controls,59.74,A,44,77,2026-05-15
HVAC-REF-R410A-01836,"R-410A, 30lb tank",Refrigerant,181.29,C,5,14,2026-03-04
HVAC-MOT-CONDEN-01837,"Condenser Fan Motor, 3/4 HP",Motor,412.72,C,10,20,2026-01-29
HVAC-REF-R407C-01838,"R-407C, 50lb jug",Refrigerant,427.81,C,3,6,2026-02-07
HVAC-MSC-SCHRAD-01839,"Schrader Valve Core, Standard",Miscellaneous,245.0,C,6,15,2026-01-05
HVAC-CU-ACR-01840,"ACR Copper, 3/4 in. x 50ft",Copper Tubing,138.76,C,5,8,2026-03-02
HVAC-MSC-BRAZIN-01841,"Brazing Rod, 3/4 in.",Miscellaneous,21.52,C,4,8,2026-01-10
HVAC-COMP-SCROLL-01842,"Scroll Compressor, 4 Ton 460V",Compressor,956.02,B,26,65,2026-02-28
HVAC-COMP-RECIPR-01843,"Reciprocating Compressor, 1.5 Ton 208V",Compressor,1319.1,B,17,45,2026-02-06
HVAC-MSC-SCHRAD-01844,"Schrader Valve Core, 1/2 in.",Miscellaneous,35.84,C,3,7,2026-01-21
HVAC-CTL-CAPACI-01845,"Capacitor, 45 MFD",Controls,142.0,C,10,20,2025-11-30
HVAC-COMP-ROTARY-01846,"Rotary Compressor, 3.5 Ton 230V",Compressor,691.59,B,27,66,2026-03-16
HVAC-REF-R448A-01847,"R-448A, 12oz can",Refrigerant,352.55,B,11,20,2026-04-16
HVAC-REF-R32-01848,"R-32, 100lb cylinder",Refrigerant,173.32,B,5,14,2026-03-04
HVAC-REF-R404A-01849,"R-404A, 12oz can",Refrigerant,652.63,B,20,47,2026-03-21
HVAC-COMP-SCROLL-01850,"Scroll Compressor, 4 Ton 460V",Compressor,2361.99,A,54,82,2026-04-08
HVAC-CU-ACR-01851,"ACR Copper, 1/2 in. x 50ft",Copper Tubing,95.34,C,8,19,2026-01-07
HVAC-REF-R22-01852,"R-22, 50lb jug",Refrigerant,200.06,C,7,10,2026-01-12
HVAC-CTL-PROGRA-01853,"Programmable Thermostat, Single Stage",Controls,130.0,B,18,30,2026-01-17
HVAC-CTL-PRESSU-01854,"Pressure Switch, 120V",Controls,264.29,B,29,80,2026-02-01
HVAC-MOT-ECM-01855,"ECM Motor, 1 HP",Motor,215.55,A,35,82,2026-03-09
HVAC-CTL-PRESSU-01856,"Pressure Switch, Single Stage",Controls,38.35,C,12,24,2026-01-17
HVAC-REF-R448A-01857,"R-448A, 25lb cylinder",Refrigerant,193.42,C,9,19,2026-02-14
HVAC-CTL-PRESSU-01858,"Pressure Switch, 70 MFD",Controls,77.14,B,19,49,2026-02-20
HVAC-CTL-FURNAC-01859,"Furnace Control Board, Two Stage",Controls,141.78,A,28,46,2026-03-23
HVAC-CTL-FURNAC-01860,"Furnace Control Board, Single Stage",Controls,125.35,B,15,22,2026-03-07
HVAC-COMP-SCROLL-01861,"Scroll Compressor, 1.5 Ton 208V",Compressor,1606.74,B,16,37,2026-03-27
HVAC-REF-R404A-01862,"R-404A, 25lb cylinder",Refrigerant,354.76,B,18,43,2026-02-17
HVAC-MOT-BLOWER-01863,"Blower Motor, 1/3 HP",Motor,306.07,A,79,193,2026-03-18
HVAC-REF-R404A-01864,"R-404A, 100lb cylinder",Refrigerant,288.14,B,20,56,2026-02-13
HVAC-REF-R22-01865,"R-22, 100lb cylinder",Refrigerant,357.93,B,37,101,2026-05-14
HVAC-CU-ACR-01866,"ACR Copper, 7/8 in. x 50ft",Copper Tubing,356.68,C,2,4,2026-01-24
HVAC-CU-SOFT-01867,"Soft Copper Tubing, 7/8 in. x 50ft",Copper Tubing,113.44,B,17,40,2026-02-27
HVAC-CU-HARD-01868,"Hard Copper Tubing, 3/4 in. x 50ft",Copper Tubing,69.11,A,56,98,2026-05-15
HVAC-CU-ACR-01869,"ACR Copper, 1/4 in. x 50ft",Copper Tubing,87.83,C,11,27,2025-12-01
HVAC-CTL-CAPACI-01870,"Capacitor, Two Stage",Controls,34.03,B,12,33,2026-05-03
HVAC-MSC-DRAIN-01871,"Drain Pan, 1 in.",Miscellaneous,29.09,B,18,50,2026-02-24
HVAC-CU-ACR-01872,"ACR Copper, 7/8 in. x 50ft",Copper Tubing,140.85,B,7,10,2026-02-15
HVAC-CTL-RELAY-01873,"Relay, 70 MFD",Controls,56.86,B,4,7,2026-02-15
HVAC-REF-R404A-01874,"R-404A, 50lb jug",Refrigerant,405.1,B,23,43,2026-02-08
HVAC-MOT-BLOWER-01875,"Blower Motor, 1/3 HP",Motor,246.08,C,2,3,2025-12-14
HVAC-MOT-CONDEN-01876,"Condenser Fan Motor, 1/3 HP",Motor,588.61,C,10,23,2025-12-03
HVAC-REF-R32-01877,"R-32, 25lb cylinder",Refrigerant,334.3,C,3,4,2025-12-25
HVAC-REF-R32-01878,"R-32, 100lb cylinder",Refrigerant,579.62,C,2,4,2025-12-11
HVAC-CU-HARD-01879,"Hard Copper Tubing, 7/8 in. x 50ft",Copper Tubing,74.79,B,29,71,2026-03-26
HVAC-CU-SOFT-01880,"Soft Copper Tubing, 3/4 in. x 50ft",Copper Tubing,169.28,C,14,38,2025-12-28
HVAC-COMP-RECIPR-01881,"Reciprocating Compressor, 2 Ton 208V",Compressor,1234.22,C,3,5,2025-12-28
HVAC-CTL-CAPACI-01882,"Capacitor, 40A",Controls,65.3,B,3,5,2026-03-03
HVAC-CTL-PROGRA-01883,"Programmable Thermostat, Heat Pump",Controls,29.67,C,13,28,2026-01-06
HVAC-CU-SOFT-01884,"Soft Copper Tubing, 3/4 in. x 50ft",Copper Tubing,62.58,A,73,164,2026-04-04
HVAC-REF-R22-01885,"R-22, 12oz can",Refrigerant,142.38,B,6,12,2026-02-19
HVAC-MSC-BRAZIN-01886,"Brazing Rod, 1 in.",Miscellaneous,40.72,C,7,13,2026-01-08
HVAC-CU-LINE-01887,"Line Set, 1-1/8 in. x 50ft",Copper Tubing,97.24,C,7,13,2025-12-14
HVAC-MOT-DIRECT-01888,"Direct Drive Motor, 1/4 HP",Motor,109.47,B,22,65,2026-03-31
HVAC-CU-HARD-01889,"Hard Copper Tubing, 1/4 in. x 50ft",Copper Tubing,120.95,C,2,5,2026-02-02
HVAC-REF-R404A-01890,"R-404A, 25lb cylinder",Refrigerant,426.06,A,41,68,2026-03-08
HVAC-REF-R448A-01891,"R-448A, 100lb cylinder",Refrigerant,216.98,A,59,107,2026-04-03
HVAC-CTL-DEFROS-01892,"Defrost Control Board, Heat Pump",Controls,60.77,A,33,69,2026-05-02
HVAC-MOT-BLOWER-01893,"Blower Motor, 1/2 HP",Motor,209.39,C,9,20,2026-01-08
HVAC-CU-ACR-01894,"ACR Copper, 3/8 in. x 50ft",Copper Tubing,122.78,A,76,179,2026-04-22
HVAC-COMP-RECIPR-01895,"Reciprocating Compressor, 2 Ton 208V",Compressor,1218.96,A,35,63,2026-05-08
HVAC-COMP-SCROLL-01896,"Scroll Compressor, 3.5 Ton 230V",Compressor,1054.64,B,30,56,2026-05-15
HVAC-COMP-RECIPR-01897,"Reciprocating Compressor, 2.5 Ton 230V",Compressor,1604.18,C,6,10,2026-01-10
HVAC-MOT-INDUCE-01898,"Inducer Motor, 1 HP",Motor,244.4,C,9,18,2025-12-27
HVAC-CU-SOFT-01899,"Soft Copper Tubing, 1/2 in. x 50ft",Copper Tubing,46.98,B,26,68,2026-02-17
HVAC-CU-ACR-01900,"ACR Copper, 7/8 in. x 50ft",Copper Tubing,76.5,A,63,125,2026-04-30
HVAC-CTL-FURNAC-01901,"Furnace Control Board, 45 MFD",Controls,27.52,B,13,22,2026-02-05
HVAC-CTL-CONTAC-01902,"Contactor, 40A",Controls,92.06,B,19,40,2026-02-21
HVAC-REF-R410A-01903,"R-410A, 100lb cylinder",Refrigerant,156.67,B,19,48,2026-03-26
HVAC-CU-HARD-01904,"Hard Copper Tubing, 1-1/8 in. x 50ft",Copper Tubing,198.88,C,8,23,2026-01-23
HVAC-CTL-FURNAC-01905,"Furnace Control Board, Two Stage",Controls,67.67,C,11,29,2026-02-27
HVAC-REF-R410A-01906,"R-410A, 50lb jug",Refrigerant,456.54,B,12,20,2026-03-17
HVAC-MOT-PSC-01907,"PSC Motor, 1 HP",Motor,162.29,C,6,15,2025-12-26
HVAC-REF-R404A-01908,"R-404A, 100lb cylinder",Refrigerant,257.32,B,25,49,2026-04-27
HVAC-COMP-ROTARY-01909,"Rotary Compressor, 1.5 Ton 208V",Compressor,4313.64,C,15,44,2026-01-25
HVAC-COMP-VARIAB-01910,"Variable Speed Compressor, 2.5 Ton 230V",Compressor,1276.25,C,11,22,2025-12-23
HVAC-MOT-PSC-01911,"PSC Motor, 1 HP",Motor,243.09,A,48,115,2026-04-08
HVAC-REF-R448A-01912,"R-448A, 100lb cylinder",Refrigerant,268.67,C,8,18,2025-12-21
HVAC-CU-ACR-01913,"ACR Copper, 5/8 in. x 50ft",Copper Tubing,77.47,A,67,155,2026-05-09
HVAC-COMP-SCROLL-01914,"Scroll Compressor, 3.5 Ton 230V",Compressor,809.59,B,29,61,2026-01-06
HVAC-REF-R407C-01915,"R-407C, 100lb cylinder",Refrigerant,215.9,A,84,177,2026-04-18
HVAC-CU-HARD-01916,"Hard Copper Tubing, 7/8 in. x 50ft",Copper Tubing,70.14,C,2,4,2025-12-14
HVAC-MOT-INDUCE-01917,"Inducer Motor, 1/2 HP",Motor,111.11,C,4,8,2026-01-11
HVAC-REF-R32-01918,"R-32, 50lb jug",Refrigerant,246.3,C,7,17,2026-01-06
HVAC-COMP-RECIPR-01919,"Reciprocating Compressor, 5 Ton 460V",Compressor,1841.04,A,66,162,2026-04-25
HVAC-CTL-PROGRA-01920,"Programmable Thermostat, Heat Pump",Controls,54.63,C,12,22,2026-01-17
HVAC-COMP-VARIAB-01921,"Variable Speed Compressor, 4 Ton 460V",Compressor,1512.64,B,12,33,2026-03-30
HVAC-COMP-ROTARY-01922,"Rotary Compressor, 3.5 Ton 230V",Compressor,931.33,C,5,11,2025-12-24
HVAC-COMP-ROTARY-01923,"Rotary Compressor, 3 Ton 230V",Compressor,1013.35,B,19,40,2026-03-08
HVAC-REF-R448A-01924,"R-448A, 100lb cylinder",Refrigerant,294.3,C,5,12,2025-12-15
HVAC-COMP-ROTARY-01925,"Rotary Compressor, 2 Ton 208V",Compressor,2171.56,A,58,95,2026-04-10
HVAC-CTL-FURNAC-01926,"Furnace Control Board, Two Stage",Controls,121.46,B,34,81,2026-03-09
HVAC-CTL-PROGRA-01927,"Programmable Thermostat, 30A",Controls,116.21,C,10,16,2026-01-12
HVAC-CU-SOFT-01928,"Soft Copper Tubing, 7/8 in. x 50ft",Copper Tubing,342.36,C,8,22,2026-01-01
HVAC-CTL-DEFROS-01929,"Defrost Control Board, 40A",Controls,183.35,C,6,11,2026-01-12
HVAC-CTL-RELAY-01930,"Relay, Single Stage",Controls,133.99,B,20,45,2026-03-02
HVAC-MOT-CONDEN-01931,"Condenser Fan Motor, 1/6 HP",Motor,156.57,C,9,26,2026-01-18
HVAC-REF-R134A-01932,"R-134a, 12oz can",Refrigerant,391.75,B,18,39,2026-01-30
HVAC-CU-HARD-01933,"Hard Copper Tubing, 1/4 in. x 50ft",Copper Tubing,81.84,B,33,67,2026-03-15
HVAC-REF-R32-01934,"R-32, 30lb tank",Refrigerant,719.07,C,7,17,2025-12-10
HVAC-MSC-SCHRAD-01935,"Schrader Valve Core, Heavy Duty",Miscellaneous,24.89,A,48,137,2026-03-04
HVAC-MSC-BRAZIN-01936,"Brazing Rod, 3/4 in.",Miscellaneous,10.27,C,5,7,2026-01-26
HVAC-REF-R404A-01937,"R-404A, 50lb jug",Refrigerant,174.41,C,3,5,2025-12-24
HVAC-MSC-LINE-01938,"Line Set Insulation, 1/2 in.",Miscellaneous,30.25,B,28,74,2026-03-23
HVAC-REF-R22-01939,"R-22, 12oz can",Refrigerant,204.83,C,7,15,2026-02-06
HVAC-CU-ACR-01940,"ACR Copper, 1/2 in. x 50ft",Copper Tubing,191.74,A,78,134,2026-05-15
HVAC-CTL-DEFROS-01941,"Defrost Control Board, 40A",Controls,45.5,C,4,9,2026-02-07
HVAC-CTL-SMART-01942,"Smart Thermostat, 45 MFD",Controls,42.25,C,12,23,2026-02-03
HVAC-MSC-BRAZIN-01943,"Brazing Rod, 1 in.",Miscellaneous,104.49,B,16,25,2026-03-06
HVAC-MOT-DIRECT-01944,"Direct Drive Motor, 1 HP",Motor,285.21,A,47,130,2026-05-02
HVAC-CU-ACR-01945,"ACR Copper, 1/2 in. x 50ft",Copper Tubing,126.01,C,10,27,2025-12-05
HVAC-MSC-LINE-01946,"Line Set Insulation, 1/2 in.",Miscellaneous,20.91,B,16,36,2025-12-23
HVAC-CU-SOFT-01947,"Soft Copper Tubing, 1/4 in. x 50ft",Copper Tubing,162.31,A,62,176,2026-04-18
HVAC-CTL-SMART-01948,"Smart Thermostat, 45 MFD",Controls,90.37,B,22,60,2026-03-07
HVAC-MSC-FILTER-01949,"Filter Drier, 1/2 in.",Miscellaneous,17.34,A,83,141,2026-04-20
HVAC-CU-ACR-01950,"ACR Copper, 1/2 in. x 50ft",Copper Tubing,174.15,C,5,9,2026-01-22
HVAC-MOT-DIRECT-01951,"Direct Drive Motor, 1 HP",Motor,147.93,A,76,155,2026-05-14
HVAC-MOT-CONDEN-01952,"Condenser Fan Motor, 3/4 HP",Motor,152.61,A,52,128,2026-05-03
HVAC-COMP-ROTARY-01953,"Rotary Compressor, 3 Ton 230V",Compressor,2447.06,C,5,14,2025-12-24
HVAC-MOT-PSC-01954,"PSC Motor, 1 HP",Motor,140.72,B,35,70,2026-03-25
HVAC-CU-ACR-01955,"ACR Copper, 1/2 in. x 50ft",Copper Tubing,157.0,C,9,23,2025-12-18
HVAC-REF-R454B-01956,"R-454B, 25lb cylinder",Refrigerant,622.95,B,16,39,2026-04-08
HVAC-COMP-RECIPR-01957,"Reciprocating Compressor, 1.5 Ton 208V",Compressor,1064.24,A,89,205,2026-05-02
HVAC-COMP-ROTARY-01958,"Rotary Compressor, 3 Ton 230V",Compressor,1661.0,A,62,153,2026-04-06
HVAC-CTL-PROGRA-01959,"Programmable Thermostat, 40A",Controls,99.37,A,66,118,2026-04-29
HVAC-CU-ACR-01960,"ACR Copper, 1/4 in. x 50ft",Copper Tubing,96.45,C,9,20,2025-12-31
HVAC-REF-R32-01961,"R-32, 50lb jug",Refrigerant,377.21,C,7,12,2025-12-11
HVAC-REF-R32-01962,"R-32, 50lb jug",Refrigerant,257.43,C,2,5,2025-12-07
HVAC-CU-HARD-01963,"Hard Copper Tubing, 1/4 in. x 50ft",Copper Tubing,119.7,C,12,21,2025-12-31
HVAC-MOT-INDUCE-01964,"Inducer Motor, 1/2 HP",Motor,203.83,A,46,129,2026-05-10
HVAC-COMP-RECIPR-01965,"Reciprocating Compressor, 1.5 Ton 208V",Compressor,3257.77,C,10,20,2026-02-22
HVAC-COMP-SCROLL-01966,"Scroll Compressor, 2 Ton 208V",Compressor,2277.62,C,8,17,2026-01-16
HVAC-CTL-FURNAC-01967,"Furnace Control Board, Single Stage",Controls,99.55,C,10,29,2026-01-09
HVAC-CU-SOFT-01968,"Soft Copper Tubing, 3/4 in. x 50ft",Copper Tubing,167.54,A,31,69,2026-04-21
HVAC-CU-LINE-01969,"Line Set, 1-1/8 in. x 50ft",Copper Tubing,99.45,B,24,46,2026-04-20
HVAC-CU-SOFT-01970,"Soft Copper Tubing, 1/4 in. x 50ft",Copper Tubing,96.0,C,4,7,2026-01-05
HVAC-MSC-DRAIN-01971,"Drain Pan, Heavy Duty",Miscellaneous,19.01,C,4,10,2026-01-10
HVAC-CTL-CONTAC-01972,"Contactor, 30A",Controls,60.25,C,8,19,2026-01-30
HVAC-REF-R454B-01973,"R-454B, 12oz can",Refrigerant,246.24,C,8,18,2026-02-22
HVAC-CTL-PROGRA-01974,"Programmable Thermostat, Two Stage",Controls,82.53,B,26,76,2026-04-20
HVAC-CU-LINE-01975,"Line Set, 1/4 in. x 50ft",Copper Tubing,254.51,A,35,96,2026-03-28
HVAC-CTL-CONTAC-01976,"Contactor, 70 MFD",Controls,169.31,C,7,17,2026-01-22
HVAC-CTL-PRESSU-01977,"Pressure Switch, Single Stage",Controls,104.29,B,11,21,2026-04-02
HVAC-REF-R448A-01978,"R-448A, 100lb cylinder",Refrigerant,178.32,A,65,143,2026-05-06
HVAC-CU-LINE-01979,"Line Set, 3/4 in. x 50ft",Copper Tubing,64.84,C,4,7,2025-12-12
HVAC-REF-R22-01980,"R-22, 25lb cylinder",Refrigerant,785.44,B,13,36,2026-03-15
HVAC-REF-R410A-01981,"R-410A, 50lb jug",Refrigerant,216.8,B,14,39,2026-04-11
HVAC-MOT-CONDEN-01982,"Condenser Fan Motor, 1/4 HP",Motor,139.01,B,30,81,2026-03-09
HVAC-CTL-DEFROS-01983,"Defrost Control Board, Heat Pump",Controls,234.16,C,8,16,2025-12-19
HVAC-REF-R22-01984,"R-22, 50lb jug",Refrigerant,698.32,A,42,120,2026-04-26
HVAC-CTL-FURNAC-01985,"Furnace Control Board, 30A",Controls,93.37,A,42,69,2026-04-05
HVAC-CU-LINE-01986,"Line Set, 3/8 in. x 50ft",Copper Tubing,95.52,B,14,39,2026-02-04
HVAC-CU-ACR-01987,"ACR Copper, 1/4 in. x 50ft",Copper Tubing,140.87,C,8,12,2026-03-08
HVAC-CU-LINE-01988,"Line Set, 1/2 in. x 50ft",Copper Tubing,71.53,B,15,33,2026-03-19
HVAC-CTL-RELAY-01989,"Relay, Single Stage",Controls,304.76,C,9,16,2026-01-13
HVAC-REF-R404A-01990,"R-404A, 12oz can",Refrigerant,622.11,C,8,16,2025-12-23
HVAC-COMP-SCROLL-01991,"Scroll Compressor, 2.5 Ton 230V",Compressor,1388.33,C,5,12,2026-01-12
HVAC-CU-ACR-01992,"ACR Copper, 7/8 in. x 50ft",Copper Tubing,78.78,A,40,64,2026-03-08
HVAC-CTL-DEFROS-01993,"Defrost Control Board, 70 MFD",Controls,368.23,A,68,121,2026-03-15
HVAC-CTL-FURNAC-01994,"Furnace Control Board, 120V",Controls,242.49,B,18,35,2026-05-05
HVAC-CU-LINE-01995,"Line Set, 7/8 in. x 50ft",Copper Tubing,157.55,B,24,60,2026-03-03
HVAC-MOT-DIRECT-01996,"Direct Drive Motor, 1 HP",Motor,206.93,B,13,27,2026-02-09
HVAC-MOT-BLOWER-01997,"Blower Motor, 1 HP",Motor,181.76,A,90,239,2026-05-13
HVAC-CU-LINE-01998,"Line Set, 3/4 in. x 50ft",Copper Tubing,116.54,C,6,12,2026-01-24
HVAC-CU-HARD-01999,"Hard Copper Tubing, 5/8 in. x 50ft",Copper Tubing,71.11,B,3,4,2026-03-16
HVAC-REF-R454B-02000,"R-454B, 100lb cylinder",Refrigerant,336.37,A,49,120,2026-04-01
HVAC-MOT-PSC-02001,"PSC Motor, 1/2 HP",Motor,414.98,A,88,209,2026-04-19
HVAC-CU-SOFT-02002,"Soft Copper Tubing, 3/4 in. x 50ft",Copper Tubing,132.41,C,14,34,2026-02-18
HVAC-CU-HARD-02003,"Hard Copper Tubing, 1/4 in. x 50ft",Copper Tubing,69.18,C,7,19,2025-12-17
HVAC-REF-R407C-02004,"R-407C, 25lb cylinder",Refrigerant,180.78,B,18,46,2026-04-14
HVAC-MSC-DRAIN-02005,"Drain Pan, Heavy Duty",Miscellaneous,23.91,C,5,11,2026-02-02
HVAC-CTL-RELAY-02006,"Relay, 120V",Controls,63.49,C,4,9,2025-12-12
HVAC-MSC-SCHRAD-02007,"Schrader Valve Core, 1/2 in.",Miscellaneous,32.69,C,9,18,2026-01-25
HVAC-MOT-ECM-02008,"ECM Motor, 1/3 HP",Motor,161.73,B,8,14,2026-04-29
HVAC-CU-LINE-02009,"Line Set, 3/8 in. x 50ft",Copper Tubing,110.03,C,7,18,2026-01-12
HVAC-COMP-ROTARY-02010,"Rotary Compressor, 2.5 Ton 230V",Compressor,2461.59,B,25,45,2026-03-07
HVAC-MSC-LINE-02011,"Line Set Insulation, 1/2 in.",Miscellaneous,113.28,C,10,18,2025-12-15
HVAC-MSC-BRAZIN-02012,"Brazing Rod, 3/4 in.",Miscellaneous,59.99,C,8,17,2026-02-01
HVAC-MOT-PSC-02013,"PSC Motor, 1/6 HP",Motor,281.41,B,18,47,2026-03-23
HVAC-CTL-SMART-02014,"Smart Thermostat, Single Stage",Controls,34.0,C,4,6,2025-12-17
HVAC-CU-LINE-02015,"Line Set, 3/4 in. x 50ft",Copper Tubing,126.63,A,28,71,2026-04-30
HVAC-CU-ACR-02016,"ACR Copper, 1/4 in. x 50ft",Copper Tubing,129.96,C,5,14,2026-02-02
HVAC-REF-R134A-02017,"R-134a, 30lb tank",Refrigerant,195.8,A,49,75,2026-04-29
HVAC-CU-LINE-02018,"Line Set, 3/4 in. x 50ft",Copper Tubing,125.4,C,2,4,2026-01-31
HVAC-CTL-CONTAC-02019,"Contactor, 120V",Controls,62.3,A,71,163,2026-04-04
HVAC-COMP-SCROLL-02020,"Scroll Compressor, 2 Ton 208V",Compressor,799.03,C,9,16,2026-01-31
HVAC-CTL-CAPACI-02021,"Capacitor, 40A",Controls,58.48,B,20,46,2026-04-14
HVAC-CU-HARD-02022,"Hard Copper Tubing, 1/2 in. x 50ft",Copper Tubing,200.78,B,23,43,2026-04-16
HVAC-CTL-RELAY-02023,"Relay, 45 MFD",Controls,99.24,A,64,171,2026-05-15
HVAC-CTL-DEFROS-02024,"Defrost Control Board, Heat Pump",Controls,253.92,C,6,12,2026-02-07
HVAC-MSC-LINE-02025,"Line Set Insulation, Heavy Duty",Miscellaneous,37.35,C,9,14,2026-01-08
HVAC-MOT-DIRECT-02026,"Direct Drive Motor, 1/4 HP",Motor,115.17,C,8,15,2026-01-22
HVAC-MSC-REFRIG-02027,"Refrigerant Recovery Tank, 3/4 in.",Miscellaneous,46.89,C,8,17,2025-12-09
HVAC-MOT-PSC-02028,"PSC Motor, 3/4 HP",Motor,148.85,C,4,11,2025-12-14
HVAC-REF-R407C-02029,"R-407C, 25lb cylinder",Refrigerant,215.34,B,3,8,2026-04-05
HVAC-CU-LINE-02030,"Line Set, 7/8 in. x 50ft",Copper Tubing,257.17,B,2,4,2026-02-16
HVAC-CU-HARD-02031,"Hard Copper Tubing, 7/8 in. x 50ft",Copper Tubing,77.6,C,9,16,2025-12-26
HVAC-MOT-INDUCE-02032,"Inducer Motor, 1/2 HP",Motor,324.81,A,62,93,2026-05-15
HVAC-MSC-NITROG-02033,"Nitrogen Regulator, 3/4 in.",Miscellaneous,34.69,C,2,4,2026-01-28
HVAC-CTL-PRESSU-02034,"Pressure Switch, 30A",Controls,95.61,B,17,37,2026-03-27
HVAC-REF-R448A-02035,"R-448A, 30lb tank",Refrigerant,188.66,B,8,15,2026-03-07
HVAC-CTL-CONTAC-02036,"Contactor, Heat Pump",Controls,108.07,C,5,12,2026-01-16
HVAC-REF-R404A-02037,"R-404A, 30lb tank",Refrigerant,558.6,A,37,109,2026-04-10
HVAC-CU-HARD-02038,"Hard Copper Tubing, 1/2 in. x 50ft",Copper Tubing,89.03,C,9,15,2026-01-16
HVAC-MOT-DIRECT-02039,"Direct Drive Motor, 1/6 HP",Motor,196.87,A,45,120,2026-03-10
HVAC-MOT-ECM-02040,"ECM Motor, 1/2 HP",Motor,282.84,C,12,18,2025-12-16
HVAC-CTL-CAPACI-02041,"Capacitor, 120V",Controls,36.68,C,4,10,2025-12-19
HVAC-REF-R32-02042,"R-32, 25lb cylinder",Refrigerant,194.43,B,27,60,2026-03-26
HVAC-CTL-FURNAC-02043,"Furnace Control Board, 120V",Controls,65.65,B,14,26,2026-02-17
HVAC-CTL-DEFROS-02044,"Defrost Control Board, 24V",Controls,95.52,C,3,7,2026-01-17
HVAC-MOT-CONDEN-02045,"Condenser Fan Motor, 1 HP",Motor,247.05,C,9,18,2026-01-27
HVAC-COMP-RECIPR-02046,"Reciprocating Compressor, 3.5 Ton 230V",Compressor,1159.5,B,10,23,2026-03-11
HVAC-CTL-PRESSU-02047,"Pressure Switch, 24V",Controls,193.07,A,19,39,2026-03-18
HVAC-CU-ACR-02048,"ACR Copper, 7/8 in. x 50ft",Copper Tubing,134.52,A,53,86,2026-03-13
HVAC-MSC-REFRIG-02049,"Refrigerant Recovery Tank, Standard",Miscellaneous,54.41,B,20,30,2026-04-13
HVAC-REF-R448A-02050,"R-448A, 30lb tank",Refrigerant,266.03,C,2,5,2025-11-04
HVAC-MSC-DRAIN-02051,"Drain Pan, Standard",Miscellaneous,64.96,C,4,11,2025-11-27
HVAC-MSC-LINE-02052,"Line Set Insulation, Heavy Duty",Miscellaneous,31.78,A,61,142,2026-04-11
HVAC-REF-R22-02053,"R-22, 25lb cylinder",Refrigerant,184.34,C,10,24,2025-12-21
HVAC-MSC-BRAZIN-02054,"Brazing Rod, Heavy Duty",Miscellaneous,47.31,C,9,26,2025-12-21
HVAC-COMP-RECIPR-02055,"Reciprocating Compressor, 2 Ton 208V",Compressor,976.8,A,65,142,2026-03-11
HVAC-CU-SOFT-02056,"Soft Copper Tubing, 3/4 in. x 50ft",Copper Tubing,63.63,C,3,7,2025-12-09
HVAC-MOT-PSC-02057,"PSC Motor, 1/4 HP",Motor,296.43,B,19,51,2026-04-11
HVAC-CU-HARD-02058,"Hard Copper Tubing, 3/8 in. x 50ft",Copper Tubing,425.0,C,2,4,2025-12-24
HVAC-MSC-DRAIN-02059,"Drain Pan, 1 in.",Miscellaneous,99.28,A,66,179,2026-05-13
HVAC-MOT-BLOWER-02060,"Blower Motor, 3/4 HP",Motor,350.78,C,4,11,2026-01-16
HVAC-CTL-CAPACI-02061,"Capacitor, 24V",Controls,46.27,B,29,65,2026-04-19
HVAC-CU-ACR-02062,"ACR Copper, 5/8 in. x 50ft",Copper Tubing,122.78,A,51,142,2026-04-18
HVAC-COMP-VARIAB-02063,"Variable Speed Compressor, 2 Ton 208V",Compressor,1009.9,C,5,11,2026-01-11
HVAC-CU-LINE-02064,"Line Set, 1/4 in. x 50ft",Copper Tubing,75.12,B,16,46,2026-03-05
HVAC-CU-LINE-02065,"Line Set, 7/8 in. x 50ft",Copper Tubing,211.79,B,24,36,2026-02-10
HVAC-COMP-ROTARY-02066,"Rotary Compressor, 5 Ton 460V",Compressor,792.37,C,6,11,2026-01-07
HVAC-COMP-SCROLL-02067,"Scroll Compressor, 2.5 Ton 230V",Compressor,692.41,C,9,14,2026-02-13
HVAC-REF-R407C-02068,"R-407C, 12oz can",Refrigerant,235.76,A,38,81,2026-04-10
HVAC-MSC-SIGHT-02069,"Sight Glass, 1 in.",Miscellaneous,144.19,A,10,29,2026-03-27
HVAC-COMP-ROTARY-02070,"Rotary Compressor, 1.5 Ton 208V",Compressor,1425.39,B,16,28,2026-03-04
HVAC-CTL-RELAY-02071,"Relay, Two Stage",Controls,85.56,B,28,45,2026-03-31
HVAC-MSC-SIGHT-02072,"Sight Glass, Heavy Duty",Miscellaneous,68.37,A,67,172,2026-05-03
HVAC-CU-SOFT-02073,"Soft Copper Tubing, 5/8 in. x 50ft",Copper Tubing,128.52,C,10,15,2025-12-29
HVAC-CU-ACR-02074,"ACR Copper, 1/4 in. x 50ft",Copper Tubing,108.57,B,18,51,2026-03-02
HVAC-MOT-ECM-02075,"ECM Motor, 1/6 HP",Motor,142.39,B,28,42,2026-03-15
HVAC-CU-ACR-02076,"ACR Copper, 1/2 in. x 50ft",Copper Tubing,155.16,B,17,37,2026-03-01
HVAC-REF-R407C-02077,"R-407C, 100lb cylinder",Refrigerant,183.43,C,2,5,2026-01-23
HVAC-CU-SOFT-02078,"Soft Copper Tubing, 1/4 in. x 50ft",Copper Tubing,268.82,B,31,67,2026-03-29
HVAC-MSC-SCHRAD-02079,"Schrader Valve Core, 3/4 in.",Miscellaneous,48.75,B,18,27,2026-03-14
HVAC-MOT-PSC-02080,"PSC Motor, 1/3 HP",Motor,166.38,C,6,16,2025-11-21
HVAC-CU-SOFT-02081,"Soft Copper Tubing, 1/4 in. x 50ft",Copper Tubing,96.82,B,9,16,2026-02-10
HVAC-REF-R404A-02082,"R-404A, 12oz can",Refrigerant,162.71,C,5,11,2026-03-23
HVAC-CU-HARD-02083,"Hard Copper Tubing, 1/4 in. x 50ft",Copper Tubing,147.24,C,4,7,2025-12-02
HVAC-CU-HARD-02084,"Hard Copper Tubing, 5/8 in. x 50ft",Copper Tubing,90.6,C,4,10,2025-12-20
HVAC-CTL-SMART-02085,"Smart Thermostat, 45 MFD",Controls,128.67,B,23,54,2026-04-12
HVAC-COMP-SCROLL-02086,"Scroll Compressor, 2 Ton 208V",Compressor,4800.0,C,5,12,2025-11-01
HVAC-MOT-DIRECT-02087,"Direct Drive Motor, 1/3 HP",Motor,185.15,C,8,13,2026-01-22
HVAC-MOT-BLOWER-02088,"Blower Motor, 1/2 HP",Motor,135.94,B,18,52,2026-02-02
HVAC-CU-ACR-02089,"ACR Copper, 1/2 in. x 50ft",Copper Tubing,108.66,C,3,7,2025-12-09
HVAC-CTL-CONTAC-02090,"Contactor, 30A",Controls,111.62,B,17,33,2026-03-02
HVAC-MSC-BRAZIN-02091,"Brazing Rod, 3/4 in.",Miscellaneous,92.5,B,18,35,2026-02-01
HVAC-MOT-INDUCE-02092,"Inducer Motor, 1/3 HP",Motor,410.69,C,7,14,2026-02-13
HVAC-COMP-SCROLL-02093,"Scroll Compressor, 3 Ton 230V",Compressor,1072.81,C,4,9,2026-01-23
HVAC-REF-R448A-02094,"R-448A, 50lb jug",Refrigerant,438.18,C,7,18,2026-01-08
HVAC-CTL-DEFROS-02095,"Defrost Control Board, 30A",Controls,66.45,C,9,23,2026-01-03
HVAC-REF-R404A-02096,"R-404A, 25lb cylinder",Refrigerant,230.77,C,9,13,2026-01-19
HVAC-CTL-CAPACI-02097,"Capacitor, Two Stage",Controls,78.27,B,17,32,2026-03-13
HVAC-COMP-SCROLL-02098,"Scroll Compressor, 2 Ton 208V",Compressor,990.15,B,23,34,2026-02-02
HVAC-MSC-SIGHT-02099,"Sight Glass, 1/2 in.",Miscellaneous,99.58,B,22,44,2026-02-16
HVAC-COMP-ROTARY-02100,"Rotary Compressor, 3 Ton 230V",Compressor,1150.3,C,9,25,2026-02-02
HVAC-MOT-PSC-02101,"PSC Motor, 1 HP",Motor,226.74,A,42,98,2026-05-03
HVAC-REF-R134A-02102,"R-134a, 25lb cylinder",Refrigerant,336.1,C,12,34,2026-01-15
HVAC-REF-R454B-02103,"R-454B, 50lb jug",Refrigerant,503.11,C,10,22,2026-03-14
HVAC-CTL-PRESSU-02104,"Pressure Switch, Heat Pump",Controls,200.48,B,17,32,2026-04-25
HVAC-MSC-DRAIN-02105,"Drain Pan, Standard",Miscellaneous,55.97,C,8,14,2026-01-23
HVAC-MOT-PSC-02106,"PSC Motor, 3/4 HP",Motor,256.18,C,4,9,2025-12-13
HVAC-CTL-PRESSU-02107,"Pressure Switch, Single Stage",Controls,128.29,C,9,17,2025-12-13
HVAC-CU-LINE-02108,"Line Set, 1-1/8 in. x 50ft",Copper Tubing,98.45,A,22,54,2026-03-18
HVAC-CTL-RELAY-02109,"Relay, 70 MFD",Controls,299.66,A,39,94,2026-04-21
HVAC-CU-ACR-02110,"ACR Copper, 3/8 in. x 50ft",Copper Tubing,84.31,B,33,60,2026-03-26
HVAC-CTL-SMART-02111,"Smart Thermostat, 120V",Controls,122.7,A,41,113,2026-05-15
HVAC-REF-R410A-02112,"R-410A, 50lb jug",Refrigerant,213.64,B,29,53,2026-01-26
HVAC-COMP-ROTARY-02113,"Rotary Compressor, 2.5 Ton 230V",Compressor,1824.03,C,8,16,2026-01-09
HVAC-CU-SOFT-02114,"Soft Copper Tubing, 1-1/8 in. x 50ft",Copper Tubing,73.4,B,25,49,2026-03-04
HVAC-MOT-DIRECT-02115,"Direct Drive Motor, 1/4 HP",Motor,123.61,C,6,9,2026-01-29
HVAC-MOT-CONDEN-02116,"Condenser Fan Motor, 1 HP",Motor,206.95,A,87,142,2026-04-15
HVAC-MOT-ECM-02117,"ECM Motor, 1/2 HP",Motor,156.24,B,23,59,2026-03-14
HVAC-COMP-SCROLL-02118,"Scroll Compressor, 3 Ton 230V",Compressor,2489.96,C,7,20,2025-12-01
HVAC-COMP-VARIAB-02119,"Variable Speed Compressor, 2.5 Ton 230V",Compressor,2102.16,C,9,19,2026-02-12
HVAC-REF-R407C-02120,"R-407C, 12oz can",Refrigerant,293.01,C,5,7,2025-11-30
HVAC-MOT-CONDEN-02121,"Condenser Fan Motor, 1/2 HP",Motor,634.54,C,10,20,2026-01-12
HVAC-REF-R22-02122,"R-22, 30lb tank",Refrigerant,480.26,A,61,170,2026-04-18
HVAC-COMP-ROTARY-02123,"Rotary Compressor, 4 Ton 460V",Compressor,2946.97,C,10,18,2026-01-17
HVAC-CU-HARD-02124,"Hard Copper Tubing, 3/8 in. x 50ft",Copper Tubing,105.81,C,7,12,2026-01-20
HVAC-MSC-SIGHT-02125,"Sight Glass, 1/2 in.",Miscellaneous,111.82,C,8,22,2026-01-16
HVAC-REF-R407C-02126,"R-407C, 50lb jug",Refrigerant,790.15,C,11,31,2026-03-11
HVAC-CTL-RELAY-02127,"Relay, Two Stage",Controls,56.54,C,7,14,2026-02-05
HVAC-MOT-PSC-02128,"PSC Motor, 1 HP",Motor,99.26,B,18,40,2026-04-04
HVAC-CTL-SMART-02129,"Smart Thermostat, 70 MFD",Controls,81.0,C,5,7,2026-01-25
HVAC-MSC-REFRIG-02130,"Refrigerant Recovery Tank, 3/4 in.",Miscellaneous,36.16,C,12,30,2025-12-06
HVAC-REF-R454B-02131,"R-454B, 50lb jug",Refrigerant,367.92,A,3,6,2026-05-06
HVAC-REF-R32-02132,"R-32, 50lb jug",Refrigerant,243.53,A,95,232,2026-04-26
HVAC-REF-R404A-02133,"R-404A, 25lb cylinder",Refrigerant,233.54,C,7,20,2026-01-01
HVAC-REF-R407C-02134,"R-407C, 50lb jug",Refrigerant,401.94,B,26,59,2026-03-22
HVAC-COMP-ROTARY-02135,"Rotary Compressor, 3 Ton 230V",Compressor,983.54,C,6,11,2026-02-02
HVAC-CTL-PROGRA-02136,"Programmable Thermostat, Two Stage",Controls,61.19,B,16,24,2026-03-20
HVAC-CU-SOFT-02137,"Soft Copper Tubing, 1-1/8 in. x 50ft",Copper Tubing,141.27,C,8,15,2026-01-09
HVAC-CU-SOFT-02138,"Soft Copper Tubing, 5/8 in. x 50ft",Copper Tubing,122.15,C,4,9,2026-01-08
HVAC-CU-ACR-02139,"ACR Copper, 3/4 in. x 50ft",Copper Tubing,120.19,B,23,37,2026-04-24
HVAC-CU-LINE-02140,"Line Set, 7/8 in. x 50ft",Copper Tubing,208.22,C,10,25,2026-01-10
HVAC-MOT-DIRECT-02141,"Direct Drive Motor, 1/4 HP",Motor,184.57,C,6,11,2025-12-27
HVAC-MSC-FILTER-02142,"Filter Drier, 1 in.",Miscellaneous,14.77,A,53,143,2026-04-23
HVAC-CU-ACR-02143,"ACR Copper, 5/8 in. x 50ft",Copper Tubing,204.83,C,12,23,2025-12-31
HVAC-MOT-CONDEN-02144,"Condenser Fan Motor, 3/4 HP",Motor,173.62,B,26,57,2026-04-12
HVAC-CTL-RELAY-02145,"Relay, 24V",Controls,90.0,B,10,29,2026-03-29
HVAC-MOT-ECM-02146,"ECM Motor, 1/6 HP",Motor,259.67,A,39,60,2026-05-15
HVAC-CTL-CONTAC-02147,"Contactor, 30A",Controls,131.64,C,10,15,2026-01-14
HVAC-CTL-CONTAC-02148,"Contactor, 30A",Controls,80.14,A,102,255,2026-03-23
HVAC-REF-R404A-02149,"R-404A, 50lb jug",Refrigerant,450.39,C,7,14,2026-01-25
HVAC-CU-LINE-02150,"Line Set, 1/4 in. x 50ft",Copper Tubing,89.77,B,5,14,2026-04-04
HVAC-MOT-BLOWER-02151,"Blower Motor, 1/6 HP",Motor,117.07,A,96,263,2026-04-30
HVAC-REF-R410A-02152,"R-410A, 25lb cylinder",Refrigerant,175.24,C,2,5,2026-02-23
HVAC-REF-R134A-02153,"R-134a, 50lb jug",Refrigerant,159.79,B,18,29,2026-03-30
HVAC-REF-R407C-02154,"R-407C, 12oz can",Refrigerant,172.44,B,22,43,2026-03-12
HVAC-COMP-RECIPR-02155,"Reciprocating Compressor, 3.5 Ton 230V",Compressor,1331.48,C,7,20,2025-11-21
HVAC-CU-SOFT-02156,"Soft Copper Tubing, 5/8 in. x 50ft",Copper Tubing,95.71,C,10,28,2025-12-20
HVAC-CTL-DEFROS-02157,"Defrost Control Board, Heat Pump",Controls,46.11,B,22,43,2026-03-11
HVAC-MOT-PSC-02158,"PSC Motor, 1/3 HP",Motor,241.25,B,34,86,2026-04-14
HVAC-CTL-CAPACI-02159,"Capacitor, Heat Pump",Controls,72.73,B,21,39,2026-04-09
HVAC-REF-R32-02160,"R-32, 25lb cylinder",Refrigerant,196.33,A,35,78,2026-05-15
HVAC-COMP-SCROLL-02161,"Scroll Compressor, 4 Ton 460V",Compressor,1081.86,A,57,135,2026-04-03
HVAC-REF-R454B-02162,"R-454B, 100lb cylinder",Refrigerant,284.44,C,6,11,2025-12-30
HVAC-CU-LINE-02163,"Line Set, 7/8 in. x 50ft",Copper Tubing,87.38,A,13,36,2026-05-15
HVAC-CTL-CAPACI-02164,"Capacitor, 70 MFD",Controls,87.16,B,11,31,2026-02-24
HVAC-CTL-CAPACI-02165,"Capacitor, Two Stage",Controls,50.82,A,39,112,2026-05-15
HVAC-COMP-RECIPR-02166,"Reciprocating Compressor, 2 Ton 208V",Compressor,703.8,C,17,28,2025-11-28
HVAC-REF-R404A-02167,"R-404A, 25lb cylinder",Refrigerant,356.2,C,7,11,2025-12-10
HVAC-REF-R32-02168,"R-32, 50lb jug",Refrigerant,202.67,A,75,211,2026-04-14
HVAC-MSC-DRAIN-02169,"Drain Pan, 1/2 in.",Miscellaneous,29.07,A,73,149,2026-05-01
HVAC-CTL-FURNAC-02170,"Furnace Control Board, Two Stage",Controls,214.81,C,12,27,2025-12-23
HVAC-MOT-DIRECT-02171,"Direct Drive Motor, 1/2 HP",Motor,192.53,B,20,44,2026-03-07
HVAC-REF-R32-02172,"R-32, 25lb cylinder",Refrigerant,258.56,C,3,8,2025-12-28
HVAC-MSC-SCHRAD-02173,"Schrader Valve Core, 1 in.",Miscellaneous,69.86,A,29,81,2026-03-30
HVAC-CU-ACR-02174,"ACR Copper, 1-1/8 in. x 50ft",Copper Tubing,107.96,C,8,19,2026-01-08
HVAC-MSC-FILTER-02175,"Filter Drier, Heavy Duty",Miscellaneous,88.8,C,5,13,2026-01-09
HVAC-MOT-DIRECT-02176,"Direct Drive Motor, 1/4 HP",Motor,685.0,B,20,35,2026-05-15
HVAC-CTL-PROGRA-02177,"Programmable Thermostat, Single Stage",Controls,169.27,A,34,60,2026-05-03
HVAC-CTL-FURNAC-02178,"Furnace Control Board, 40A",Controls,113.57,C,3,8,2026-02-06
HVAC-CU-LINE-02179,"Line Set, 1-1/8 in. x 50ft",Copper Tubing,132.48,B,14,27,2026-02-16
HVAC-REF-R134A-02180,"R-134a, 100lb cylinder",Refrigerant,205.47,C,8,14,2025-12-04
HVAC-REF-R448A-02181,"R-448A, 25lb cylinder",Refrigerant,132.57,A,93,185,2026-05-15
HVAC-CU-ACR-02182,"ACR Copper, 1/4 in. x 50ft",Copper Tubing,147.25,C,9,14,2025-12-18
HVAC-CTL-PRESSU-02183,"Pressure Switch, 40A",Controls,59.29,B,17,27,2026-02-28
HVAC-CU-SOFT-02184,"Soft Copper Tubing, 3/8 in. x 50ft",Copper Tubing,91.63,B,37,71,2026-03-13
HVAC-CTL-CONTAC-02185,"Contactor, Single Stage",Controls,122.69,B,2,4,2026-03-05
HVAC-CU-LINE-02186,"Line Set, 1/4 in. x 50ft",Copper Tubing,195.57,C,10,20,2025-12-19
HVAC-CTL-PROGRA-02187,"Programmable Thermostat, Two Stage",Controls,45.16,A,44,131,2026-03-01
HVAC-REF-R404A-02188,"R-404A, 12oz can",Refrigerant,234.45,B,30,45,2026-03-24
HVAC-MSC-DRAIN-02189,"Drain Pan, 3/4 in.",Miscellaneous,21.2,C,10,22,2025-11-01
HVAC-CTL-PRESSU-02190,"Pressure Switch, 70 MFD",Controls,61.68,C,4,10,2026-02-27
HVAC-COMP-VARIAB-02191,"Variable Speed Compressor, 3.5 Ton 230V",Compressor,876.91,C,16,44,2025-12-20
HVAC-MSC-BRAZIN-02192,"Brazing Rod, Standard",Miscellaneous,38.23,B,22,42,2026-03-19
HVAC-REF-R407C-02193,"R-407C, 50lb jug",Refrigerant,619.41,A,49,99,2026-05-07
HVAC-CU-HARD-02194,"Hard Copper Tubing, 1/4 in. x 50ft",Copper Tubing,172.69,A,28,44,2026-05-09
HVAC-CTL-DEFROS-02195,"Defrost Control Board, Two Stage",Controls,127.25,C,8,15,2025-12-27
HVAC-CU-SOFT-02196,"Soft Copper Tubing, 1-1/8 in. x 50ft",Copper Tubing,87.82,A,42,96,2026-05-15
HVAC-CTL-PRESSU-02197,"Pressure Switch, 70 MFD",Controls,98.21,B,6,9,2026-02-16
HVAC-MSC-SIGHT-02198,"Sight Glass, 1 in.",Miscellaneous,27.75,C,11,23,2026-01-18
HVAC-CU-HARD-02199,"Hard Copper Tubing, 1/2 in. x 50ft",Copper Tubing,235.66,C,13,24,2026-01-08
HVAC-CTL-CONTAC-02200,"Contactor, 70 MFD",Controls,85.58,A,29,71,2026-05-06
HVAC-REF-R32-02201,"R-32, 50lb jug",Refrigerant,136.47,A,97,224,2026-04-23
HVAC-CU-HARD-02202,"Hard Copper Tubing, 1/4 in. x 50ft",Copper Tubing,177.19,C,11,30,2025-11-22
HVAC-MSC-FILTER-02203,"Filter Drier, 1 in.",Miscellaneous,59.26,C,2,5,2026-02-17
HVAC-COMP-SCROLL-02204,"Scroll Compressor, 4 Ton 460V",Compressor,978.02,C,8,23,2025-12-21
HVAC-CU-HARD-02205,"Hard Copper Tubing, 1/2 in. x 50ft",Copper Tubing,169.04,C,8,17,2026-01-25
HVAC-MSC-REFRIG-02206,"Refrigerant Recovery Tank, 1 in.",Miscellaneous,31.6,A,44,72,2026-05-13
HVAC-CU-SOFT-02207,"Soft Copper Tubing, 7/8 in. x 50ft",Copper Tubing,425.0,C,12,31,2025-12-24
HVAC-MOT-BLOWER-02208,"Blower Motor, 1/4 HP",Motor,197.53,A,66,142,2026-05-11
HVAC-MOT-INDUCE-02209,"Inducer Motor, 1/6 HP",Motor,175.88,B,31,73,2026-04-22
HVAC-REF-R410A-02210,"R-410A, 100lb cylinder",Refrigerant,259.92,A,83,130,2026-04-25
HVAC-MOT-DIRECT-02211,"Direct Drive Motor, 3/4 HP",Motor,193.23,B,26,55,2026-02-23
HVAC-CTL-CAPACI-02212,"Capacitor, 30A",Controls,85.5,C,10,19,2025-12-16
HVAC-CTL-SMART-02213,"Smart Thermostat, 70 MFD",Controls,98.83,B,25,71,2026-03-13
HVAC-REF-R407C-02214,"R-407C, 50lb jug",Refrigerant,269.79,C,7,15,2026-01-08
HVAC-REF-R404A-02215,"R-404A, 30lb tank",Refrigerant,250.74,B,31,61,2026-01-02
HVAC-CTL-CONTAC-02216,"Contactor, 30A",Controls,62.84,B,22,46,2026-02-20
HVAC-MOT-CONDEN-02217,"Condenser Fan Motor, 1 HP",Motor,400.29,C,9,22,2026-01-21
HVAC-CTL-PROGRA-02218,"Programmable Thermostat, 30A",Controls,319.23,A,69,123,2026-04-22
HVAC-CU-HARD-02219,"Hard Copper Tubing, 7/8 in. x 50ft",Copper Tubing,76.11,C,9,25,2026-02-07
HVAC-REF-R407C-02220,"R-407C, 50lb jug",Refrigerant,157.36,A,41,107,2026-03-30
HVAC-REF-R407C-02221,"R-407C, 25lb cylinder",Refrigerant,296.46,C,8,21,2025-12-14
HVAC-CU-SOFT-02222,"Soft Copper Tubing, 7/8 in. x 50ft",Copper Tubing,93.51,C,5,14,2026-01-04
HVAC-CU-ACR-02223,"ACR Copper, 7/8 in. x 50ft",Copper Tubing,48.89,A,40,77,2026-05-15
HVAC-CU-LINE-02224,"Line Set, 1-1/8 in. x 50ft",Copper Tubing,170.13,A,54,148,2026-04-18
HVAC-REF-R22-02225,"R-22, 12oz can",Refrigerant,290.17,B,8,18,2026-03-03
HVAC-REF-R22-02226,"R-22, 100lb cylinder",Refrigerant,588.0,C,9,18,2026-01-25
HVAC-CU-LINE-02227,"Line Set, 3/8 in. x 50ft",Copper Tubing,66.88,C,7,18,2025-12-28
HVAC-MOT-INDUCE-02228,"Inducer Motor, 1 HP",Motor,156.41,A,67,148,2026-03-28
HVAC-CU-ACR-02229,"ACR Copper, 3/8 in. x 50ft",Copper Tubing,121.27,C,9,24,2026-01-06
HVAC-REF-R448A-02230,"R-448A, 50lb jug",Refrigerant,280.51,A,73,156,2026-04-05
HVAC-CU-ACR-02231,"ACR Copper, 1/2 in. x 50ft",Copper Tubing,103.1,B,2,4,2026-01-24
HVAC-REF-R454B-02232,"R-454B, 12oz can",Refrigerant,196.54,B,19,45,2026-03-10
HVAC-MOT-CONDEN-02233,"Condenser Fan Motor, 1/2 HP",Motor,344.59,C,10,16,2026-02-05
HVAC-CU-HARD-02234,"Hard Copper Tubing, 5/8 in. x 50ft",Copper Tubing,108.27,C,8,12,2026-01-24
HVAC-CU-HARD-02235,"Hard Copper Tubing, 1-1/8 in. x 50ft",Copper Tubing,88.65,C,9,21,2026-01-02
HVAC-CU-HARD-02236,"Hard Copper Tubing, 3/8 in. x 50ft",Copper Tubing,85.43,A,32,59,2026-04-05
HVAC-CU-ACR-02237,"ACR Copper, 7/8 in. x 50ft",Copper Tubing,109.94,C,6,11,2025-11-30
HVAC-REF-R454B-02238,"R-454B, 100lb cylinder",Refrigerant,187.11,C,7,18,2026-01-26
HVAC-MSC-LINE-02239,"Line Set Insulation, 1 in.",Miscellaneous,74.99,B,21,56,2026-03-11
HVAC-MSC-REFRIG-02240,"Refrigerant Recovery Tank, 3/4 in.",Miscellaneous,45.97,B,24,42,2026-03-26
HVAC-MSC-BRAZIN-02241,"Brazing Rod, Heavy Duty",Miscellaneous,115.97,C,4,11,2026-01-16
HVAC-MOT-BLOWER-02242,"Blower Motor, 1/6 HP",Motor,231.39,A,32,79,2026-04-04
HVAC-REF-R454B-02243,"R-454B, 25lb cylinder",Refrigerant,834.63,B,21,40,2026-03-31
HVAC-CU-ACR-02244,"ACR Copper, 3/8 in. x 50ft",Copper Tubing,76.24,C,6,13,2026-02-07
HVAC-REF-R448A-02245,"R-448A, 12oz can",Refrigerant,357.94,C,9,18,2025-12-25
HVAC-CU-SOFT-02246,"Soft Copper Tubing, 7/8 in. x 50ft",Copper Tubing,80.34,A,6,12,2026-04-09
HVAC-COMP-ROTARY-02247,"Rotary Compressor, 4 Ton 460V",Compressor,853.78,C,9,21,2025-12-27
HVAC-REF-R410A-02248,"R-410A, 30lb tank",Refrigerant,162.57,B,15,27,2026-03-08
HVAC-CU-SOFT-02249,"Soft Copper Tubing, 5/8 in. x 50ft",Copper Tubing,259.92,C,6,15,2026-01-21
HVAC-CU-ACR-02250,"ACR Copper, 1/4 in. x 50ft",Copper Tubing,120.31,A,18,50,2026-02-24
HVAC-COMP-SCROLL-02251,"Scroll Compressor, 5 Ton 460V",Compressor,790.64,B,18,27,2026-02-07
HVAC-REF-R410A-02252,"R-410A, 25lb cylinder",Refrigerant,695.83,C,3,5,2025-11-22
HVAC-CU-HARD-02253,"Hard Copper Tubing, 3/8 in. x 50ft",Copper Tubing,165.25,B,11,28,2026-02-22
HVAC-CU-SOFT-02254,"Soft Copper Tubing, 1/2 in. x 50ft",Copper Tubing,221.07,B,12,30,2026-03-09
HVAC-MOT-BLOWER-02255,"Blower Motor, 1 HP",Motor,172.0,A,63,154,2026-05-06
HVAC-MOT-INDUCE-02256,"Inducer Motor, 1/6 HP",Motor,121.92,B,28,61,2026-01-03
HVAC-REF-R410A-02257,"R-410A, 25lb cylinder",Refrigerant,209.81,B,15,27,2026-01-21
HVAC-REF-R134A-02258,"R-134a, 25lb cylinder",Refrigerant,423.05,C,5,14,2026-01-26
HVAC-CU-HARD-02259,"Hard Copper Tubing, 3/8 in. x 50ft",Copper Tubing,151.16,B,26,66,2026-03-06
HVAC-MSC-NITROG-02260,"Nitrogen Regulator, Heavy Duty",Miscellaneous,35.79,C,8,21,2026-02-03
HVAC-CU-ACR-02261,"ACR Copper, 1-1/8 in. x 50ft",Copper Tubing,223.93,C,11,18,2026-01-24
HVAC-MOT-BLOWER-02262,"Blower Motor, 1/3 HP",Motor,175.75,C,4,10,2026-02-23
HVAC-CTL-CAPACI-02263,"Capacitor, 45 MFD",Controls,43.61,C,7,19,2026-01-29
HVAC-CU-HARD-02264,"Hard Copper Tubing, 3/8 in. x 50ft",Copper Tubing,76.35,C,3,7,2025-12-29
HVAC-CU-SOFT-02265,"Soft Copper Tubing, 3/4 in. x 50ft",Copper Tubing,236.89,C,6,16,2026-01-03
HVAC-CTL-CONTAC-02266,"Contactor, 70 MFD",Controls,115.46,C,13,23,2026-01-02
HVAC-CTL-SMART-02267,"Smart Thermostat, 24V",Controls,116.01,A,45,71,2026-05-15
HVAC-MSC-LINE-02268,"Line Set Insulation, 1/2 in.",Miscellaneous,48.48,C,14,25,2026-01-08
HVAC-REF-R407C-02269,"R-407C, 25lb cylinder",Refrigerant,454.46,B,17,32,2026-03-28
HVAC-CU-ACR-02270,"ACR Copper, 3/8 in. x 50ft",Copper Tubing,145.87,A,50,123,2026-03-28
HVAC-MSC-LINE-02271,"Line Set Insulation, 3/4 in.",Miscellaneous,52.3,C,11,24,2026-01-13
HVAC-CU-SOFT-02272,"Soft Copper Tubing, 3/8 in. x 50ft",Copper Tubing,92.89,C,10,29,2025-12-18
HVAC-CU-ACR-02273,"ACR Copper, 5/8 in. x 50ft",Copper Tubing,123.71,A,50,103,2026-05-07
HVAC-MSC-REFRIG-02274,"Refrigerant Recovery Tank, 1 in.",Miscellaneous,103.6,B,24,61,2026-02-23
HVAC-MSC-SIGHT-02275,"Sight Glass, 3/4 in.",Miscellaneous,17.48,C,8,19,2026-01-18
HVAC-CU-ACR-02276,"ACR Copper, 7/8 in. x 50ft",Copper Tubing,104.27,C,9,14,2026-01-10
HVAC-MOT-DIRECT-02277,"Direct Drive Motor, 1/6 HP",Motor,149.31,C,8,16,2025-12-01
HVAC-COMP-VARIAB-02278,"Variable Speed Compressor, 2 Ton 208V",Compressor,1438.3,B,15,42,2026-04-16
HVAC-MOT-CONDEN-02279,"Condenser Fan Motor, 1/4 HP",Motor,284.43,B,16,37,2026-04-22
HVAC-CU-SOFT-02280,"Soft Copper Tubing, 1/2 in. x 50ft",Copper Tubing,81.98,A,45,102,2026-03-15
HVAC-CU-LINE-02281,"Line Set, 1/4 in. x 50ft",Copper Tubing,59.39,C,6,11,2026-01-07
HVAC-CTL-CAPACI-02282,"Capacitor, 120V",Controls,60.75,C,11,17,2026-02-06
HVAC-CU-LINE-02283,"Line Set, 1/4 in. x 50ft",Copper Tubing,132.64,B,16,31,2026-03-14
HVAC-REF-R410A-02284,"R-410A, 30lb tank",Refrigerant,850.0,C,9,21,2025-12-26
HVAC-MOT-BLOWER-02285,"Blower Motor, 1/4 HP",Motor,369.6,B,14,29,2026-05-08
HVAC-MOT-PSC-02286,"PSC Motor, 3/4 HP",Motor,178.07,A,61,170,2026-04-15
HVAC-COMP-RECIPR-02287,"Reciprocating Compressor, 3.5 Ton 230V",Compressor,1228.57,C,15,28,2026-01-13
HVAC-MOT-BLOWER-02288,"Blower Motor, 1 HP",Motor,293.56,C,13,35,2026-01-30
HVAC-MOT-PSC-02289,"PSC Motor, 1/4 HP",Motor,293.43,C,13,36,2026-02-24
HVAC-MSC-SIGHT-02290,"Sight Glass, Heavy Duty",Miscellaneous,37.85,B,27,58,2026-02-18
HVAC-COMP-RECIPR-02291,"Reciprocating Compressor, 2.5 Ton 230V",Compressor,991.92,C,8,19,2026-01-15
HVAC-CTL-SMART-02292,"Smart Thermostat, Heat Pump",Controls,42.37,C,4,6,2025-12-10
HVAC-CU-ACR-02293,"ACR Copper, 7/8 in. x 50ft",Copper Tubing,69.62,A,35,56,2026-04-03
HVAC-CU-LINE-02294,"Line Set, 1/2 in. x 50ft",Copper Tubing,272.79,C,5,9,2025-12-13
HVAC-MOT-DIRECT-02295,"Direct Drive Motor, 1/6 HP",Motor,231.06,C,2,4,2025-11-01
HVAC-CTL-PROGRA-02296,"Programmable Thermostat, Single Stage",Controls,90.65,A,27,56,2026-05-15
HVAC-CTL-DEFROS-02297,"Defrost Control Board, 30A",Controls,110.02,C,11,23,2025-12-21
HVAC-CU-HARD-02298,"Hard Copper Tubing, 5/8 in. x 50ft",Copper Tubing,115.42,C,8,20,2025-11-14
HVAC-COMP-VARIAB-02299,"Variable Speed Compressor, 4 Ton 460V",Compressor,778.55,B,27,54,2026-03-01
HVAC-MOT-PSC-02300,"PSC Motor, 1/6 HP",Motor,149.54,C,5,12,2026-01-01
HVAC-CU-SOFT-02301,"Soft Copper Tubing, 3/4 in. x 50ft",Copper Tubing,169.08,C,11,24,2026-01-02
HVAC-MOT-PSC-02302,"PSC Motor, 1 HP",Motor,185.99,A,68,128,2026-04-15
HVAC-CTL-CONTAC-02303,"Contactor, Single Stage",Controls,102.39,B,30,51,2026-01-04
HVAC-CTL-SMART-02304,"Smart Thermostat, 30A",Controls,32.31,C,10,25,2025-12-20
HVAC-REF-R454B-02305,"R-454B, 50lb jug",Refrigerant,293.04,C,8,20,2026-03-07
HVAC-MSC-BRAZIN-02306,"Brazing Rod, 1 in.",Miscellaneous,64.57,C,8,20,2025-12-28
HVAC-COMP-RECIPR-02307,"Reciprocating Compressor, 3 Ton 230V",Compressor,1254.75,C,2,4,2026-02-08
HVAC-CU-ACR-02308,"ACR Copper, 5/8 in. x 50ft",Copper Tubing,106.29,B,10,26,2026-01-26
HVAC-COMP-VARIAB-02309,"Variable Speed Compressor, 3.5 Ton 230V",Compressor,1029.87,B,21,39,2026-02-20
HVAC-MSC-SCHRAD-02310,"Schrader Valve Core, 3/4 in.",Miscellaneous,146.28,B,25,51,2026-03-01
HVAC-MOT-DIRECT-02311,"Direct Drive Motor, 1/4 HP",Motor,255.89,C,3,5,2026-02-22
HVAC-COMP-VARIAB-02312,"Variable Speed Compressor, 3 Ton 230V",Compressor,2350.04,C,9,15,2025-12-25
HVAC-CTL-PRESSU-02313,"Pressure Switch, 70 MFD",Controls,85.31,C,11,17,2025-12-21
HVAC-CU-ACR-02314,"ACR Copper, 3/4 in. x 50ft",Copper Tubing,128.11,B,22,49,2026-03-10
HVAC-CTL-FURNAC-02315,"Furnace Control Board, 40A",Controls,62.8,C,2,5,2026-01-05
HVAC-COMP-SCROLL-02316,"Scroll Compressor, 3.5 Ton 230V",Compressor,1088.02,A,47,99,2026-04-13
HVAC-MOT-DIRECT-02317,"Direct Drive Motor, 1/2 HP",Motor,119.41,A,37,100,2026-04-30
HVAC-REF-R22-02318,"R-22, 25lb cylinder",Refrigerant,538.24,C,3,8,2026-01-29
HVAC-CTL-FURNAC-02319,"Furnace Control Board, 30A",Controls,203.76,C,2,4,2025-11-19
HVAC-MOT-CONDEN-02320,"Condenser Fan Motor, 1/4 HP",Motor,204.71,B,17,43,2026-04-24
HVAC-CU-SOFT-02321,"Soft Copper Tubing, 1/2 in. x 50ft",Copper Tubing,96.69,C,9,26,2025-12-22
HVAC-MOT-INDUCE-02322,"Inducer Motor, 1/2 HP",Motor,282.95,B,16,41,2026-03-23
HVAC-REF-R454B-02323,"R-454B, 25lb cylinder",Refrigerant,477.95,B,21,48,2026-03-12
HVAC-MSC-LINE-02324,"Line Set Insulation, 1 in.",Miscellaneous,87.24,C,3,4,2026-02-09
HVAC-MOT-ECM-02325,"ECM Motor, 1/4 HP",Motor,277.46,B,34,95,2026-04-20
HVAC-CU-LINE-02326,"Line Set, 5/8 in. x 50ft",Copper Tubing,114.53,C,10,26,2026-01-20
HVAC-CTL-DEFROS-02327,"Defrost Control Board, 70 MFD",Controls,210.37,B,15,36,2026-04-06
HVAC-MSC-BRAZIN-02328,"Brazing Rod, 3/4 in.",Miscellaneous,37.77,C,11,29,2025-12-13
HVAC-CU-HARD-02329,"Hard Copper Tubing, 1-1/8 in. x 50ft",Copper Tubing,102.99,C,4,10,2026-02-09
HVAC-REF-R22-02330,"R-22, 25lb cylinder",Refrigerant,162.81,C,8,20,2025-12-26
HVAC-CU-HARD-02331,"Hard Copper Tubing, 1/4 in. x 50ft",Copper Tubing,97.19,B,17,34,2026-01-15
HVAC-COMP-ROTARY-02332,"Rotary Compressor, 3 Ton 230V",Compressor,1364.6,C,7,19,2026-02-08
HVAC-COMP-SCROLL-02333,"Scroll Compressor, 4 Ton 460V",Compressor,695.49,B,22,38,2026-03-10
HVAC-MOT-PSC-02334,"PSC Motor, 1/3 HP",Motor,394.19,A,73,200,2026-05-11
HVAC-MOT-CONDEN-02335,"Condenser Fan Motor, 1 HP",Motor,142.23,A,35,80,2026-03-23
HVAC-CU-SOFT-02336,"Soft Copper Tubing, 7/8 in. x 50ft",Copper Tubing,76.79,A,49,142,2026-04-08
HVAC-CU-SOFT-02337,"Soft Copper Tubing, 5/8 in. x 50ft",Copper Tubing,166.18,C,9,20,2026-01-07
HVAC-CTL-DEFROS-02338,"Defrost Control Board, 24V",Controls,94.37,A,51,131,2026-04-27
HVAC-MOT-BLOWER-02339,"Blower Motor, 1/3 HP",Motor,220.85,B,34,101,2026-02-13
HVAC-COMP-ROTARY-02340,"Rotary Compressor, 1.5 Ton 208V",Compressor,1503.46,B,14,33,2026-02-12
HVAC-CU-HARD-02341,"Hard Copper Tubing, 1/4 in. x 50ft",Copper Tubing,64.46,C,6,14,2026-01-22
HVAC-REF-R410A-02342,"R-410A, 30lb tank",Refrigerant,215.48,C,6,13,2026-01-23
HVAC-REF-R404A-02343,"R-404A, 50lb jug",Refrigerant,399.89,C,12,31,2026-02-19
HVAC-CU-HARD-02344,"Hard Copper Tubing, 5/8 in. x 50ft",Copper Tubing,81.75,A,64,109,2026-04-22
HVAC-MSC-REFRIG-02345,"Refrigerant Recovery Tank, Heavy Duty",Miscellaneous,39.08,C,11,17,2025-12-10
HVAC-REF-R407C-02346,"R-407C, 12oz can",Refrigerant,206.03,C,10,21,2025-11-25
HVAC-MSC-BRAZIN-02347,"Brazing Rod, 1 in.",Miscellaneous,29.57,C,5,10,2026-01-13
HVAC-REF-R448A-02348,"R-448A, 25lb cylinder",Refrigerant,277.17,B,21,53,2026-04-16
HVAC-CU-LINE-02349,"Line Set, 1/4 in. x 50ft",Copper Tubing,56.52,B,31,74,2026-03-14
HVAC-COMP-ROTARY-02350,"Rotary Compressor, 1.5 Ton 208V",Compressor,1512.96,B,13,29,2026-03-05
HVAC-CU-SOFT-02351,"Soft Copper Tubing, 3/4 in. x 50ft",Copper Tubing,64.46,B,19,36,2026-02-08
HVAC-COMP-ROTARY-02352,"Rotary Compressor, 3.5 Ton 230V",Compressor,1660.19,B,17,30,2026-03-13
HVAC-COMP-ROTARY-02353,"Rotary Compressor, 1.5 Ton 208V",Compressor,821.35,A,47,95,2026-03-13
HVAC-CU-ACR-02354,"ACR Copper, 1-1/8 in. x 50ft",Copper Tubing,187.36,C,6,17,2025-11-28
HVAC-MOT-PSC-02355,"PSC Motor, 1 HP",Motor,258.28,B,17,49,2026-02-18
HVAC-CU-ACR-02356,"ACR Copper, 3/4 in. x 50ft",Copper Tubing,108.09,B,17,32,2026-03-14
HVAC-CU-LINE-02357,"Line Set, 3/4 in. x 50ft",Copper Tubing,146.17,C,10,21,2026-02-18
HVAC-CTL-CONTAC-02358,"Contactor, Two Stage",Controls,107.91,C,8,23,2026-02-06
HVAC-REF-R404A-02359,"R-404A, 50lb jug",Refrigerant,338.66,C,5,8,2026-01-22
HVAC-CTL-CONTAC-02360,"Contactor, 120V",Controls,45.4,C,8,15,2026-01-21
HVAC-MOT-INDUCE-02361,"Inducer Motor, 1/2 HP",Motor,160.09,C,11,29,2026-01-01
HVAC-MOT-BLOWER-02362,"Blower Motor, 1 HP",Motor,154.33,C,5,14,2026-01-16
HVAC-REF-R22-02363,"R-22, 12oz can",Refrigerant,286.88,C,5,12,2026-02-28
HVAC-MSC-LINE-02364,"Line Set Insulation, 3/4 in.",Miscellaneous,17.54,B,26,40,2026-01-23
HVAC-CU-ACR-02365,"ACR Copper, 3/8 in. x 50ft",Copper Tubing,135.93,C,7,11,2026-01-17
HVAC-REF-R32-02366,"R-32, 12oz can",Refrigerant,166.99,A,62,144,2026-05-15
HVAC-REF-R448A-02367,"R-448A, 100lb cylinder",Refrigerant,222.66,C,9,14,2026-01-29
HVAC-MOT-DIRECT-02368,"Direct Drive Motor, 1 HP",Motor,215.36,C,4,11,2025-12-26
HVAC-MSC-BRAZIN-02369,"Brazing Rod, Standard",Miscellaneous,45.27,B,23,50,2026-02-01
HVAC-CU-HARD-02370,"Hard Copper Tubing, 1/4 in. x 50ft",Copper Tubing,142.01,C,7,12,2025-12-06
HVAC-CU-LINE-02371,"Line Set, 7/8 in. x 50ft",Copper Tubing,313.31,C,6,10,2026-02-26
HVAC-REF-R404A-02372,"R-404A, 50lb jug",Refrigerant,232.01,C,8,13,2026-01-02
HVAC-MOT-ECM-02373,"ECM Motor, 1/6 HP",Motor,274.9,C,2,3,2025-12-26
HVAC-CU-SOFT-02374,"Soft Copper Tubing, 1/4 in. x 50ft",Copper Tubing,97.92,A,71,147,2026-05-15
HVAC-REF-R134A-02375,"R-134a, 30lb tank",Refrigerant,217.64,B,17,49,2026-02-12
HVAC-MOT-ECM-02376,"ECM Motor, 1/6 HP",Motor,238.6,B,18,48,2026-02-18
HVAC-REF-R22-02377,"R-22, 100lb cylinder",Refrigerant,148.4,B,21,50,2026-03-01
HVAC-MOT-BLOWER-02378,"Blower Motor, 3/4 HP",Motor,182.6,C,12,22,2026-01-27
HVAC-CU-SOFT-02379,"Soft Copper Tubing, 1/4 in. x 50ft",Copper Tubing,229.32,B,15,44,2026-01-25
HVAC-CTL-FURNAC-02380,"Furnace Control Board, 24V",Controls,114.52,B,18,51,2026-03-14
HVAC-CU-LINE-02381,"Line Set, 3/8 in. x 50ft",Copper Tubing,234.9,C,13,28,2026-01-19
HVAC-CTL-FURNAC-02382,"Furnace Control Board, 24V",Controls,53.15,A,37,89,2026-03-13
HVAC-CTL-FURNAC-02383,"Furnace Control Board, Heat Pump",Controls,60.46,C,4,8,2025-12-17
HVAC-REF-R32-02384,"R-32, 30lb tank",Refrigerant,250.38,A,52,139,2026-03-22
HVAC-REF-R410A-02385,"R-410A, 30lb tank",Refrigerant,573.83,C,10,25,2026-01-30
HVAC-CTL-PRESSU-02386,"Pressure Switch, 24V",Controls,105.81,B,4,11,2026-03-10
HVAC-REF-R410A-02387,"R-410A, 100lb cylinder",Refrigerant,165.14,C,11,26,2026-01-17
HVAC-CU-SOFT-02388,"Soft Copper Tubing, 1/2 in. x 50ft",Copper Tubing,132.39,A,24,40,2026-05-15
HVAC-COMP-SCROLL-02389,"Scroll Compressor, 2.5 Ton 230V",Compressor,1421.06,C,5,8,2026-01-14
HVAC-CU-LINE-02390,"Line Set, 5/8 in. x 50ft",Copper Tubing,58.31,C,5,13,2026-01-15
HVAC-CTL-FURNAC-02391,"Furnace Control Board, 30A",Controls,117.46,C,13,24,2026-01-04
HVAC-COMP-VARIAB-02392,"Variable Speed Compressor, 4 Ton 460V",Compressor,1354.46,A,63,103,2026-05-01
HVAC-MOT-ECM-02393,"ECM Motor, 1/4 HP",Motor,356.73,B,8,19,2026-03-09
HVAC-MOT-DIRECT-02394,"Direct Drive Motor, 1 HP",Motor,210.72,B,23,51,2026-03-06
HVAC-MOT-CONDEN-02395,"Condenser Fan Motor, 1/3 HP",Motor,414.47,A,36,83,2026-03-27
HVAC-MOT-PSC-02396,"PSC Motor, 1 HP",Motor,188.91,C,3,8,2025-12-10
HVAC-CU-SOFT-02397,"Soft Copper Tubing, 3/4 in. x 50ft",Copper Tubing,108.47,C,7,19,2026-01-12
HVAC-CTL-DEFROS-02398,"Defrost Control Board, 24V",Controls,100.93,B,10,29,2026-03-08
HVAC-MOT-INDUCE-02399,"Inducer Motor, 1/2 HP",Motor,186.5,B,18,35,2026-03-29
HVAC-CTL-PRESSU-02400,"Pressure Switch, 24V",Controls,70.19,B,19,47,2026-04-13
HVAC-CTL-CONTAC-02401,"Contactor, Single Stage",Controls,160.17,C,4,11,2025-12-25
HVAC-CU-HARD-02402,"Hard Copper Tubing, 7/8 in. x 50ft",Copper Tubing,75.93,C,9,17,2025-12-04
HVAC-MOT-PSC-02403,"PSC Motor, 1/6 HP",Motor,298.15,C,9,18,2025-12-12
HVAC-REF-R32-02404,"R-32, 50lb jug",Refrigerant,758.54,C,12,24,2026-01-19
HVAC-REF-R22-02405,"R-22, 50lb jug",Refrigerant,165.19,A,78,173,2026-05-04
HVAC-REF-R454B-02406,"R-454B, 30lb tank",Refrigerant,237.63,A,56,129,2026-03-17
HVAC-CU-LINE-02407,"Line Set, 5/8 in. x 50ft",Copper Tubing,92.78,B,14,29,2026-03-05
HVAC-REF-R454B-02408,"R-454B, 100lb cylinder",Refrigerant,351.59,B,17,39,2026-04-04
HVAC-MOT-ECM-02409,"ECM Motor, 1/3 HP",Motor,399.66,C,6,12,2026-02-04
HVAC-COMP-VARIAB-02410,"Variable Speed Compressor, 1.5 Ton 208V",Compressor,1393.21,B,16,41,2026-03-15
HVAC-CU-ACR-02411,"ACR Copper, 3/8 in. x 50ft",Copper Tubing,191.78,C,3,5,2025-12-05
HVAC-REF-R22-02412,"R-22, 30lb tank",Refrigerant,362.93,C,9,14,2025-12-03
HVAC-CU-SOFT-02413,"Soft Copper Tubing, 3/8 in. x 50ft",Copper Tubing,137.91,C,8,20,2025-12-11
HVAC-REF-R448A-02414,"R-448A, 25lb cylinder",Refrigerant,426.27,B,17,40,2026-03-06
HVAC-MOT-CONDEN-02415,"Condenser Fan Motor, 1/4 HP",Motor,327.81,B,26,43,2026-02-21
HVAC-MOT-ECM-02416,"ECM Motor, 3/4 HP",Motor,206.08,C,12,27,2026-03-06
HVAC-MOT-CONDEN-02417,"Condenser Fan Motor, 1/2 HP",Motor,132.42,C,8,23,2025-12-25
HVAC-MSC-DRAIN-02418,"Drain Pan, Standard",Miscellaneous,67.14,C,5,12,2025-12-27
HVAC-MOT-ECM-02419,"ECM Motor, 1/4 HP",Motor,342.42,C,11,30,2026-01-06
HVAC-COMP-RECIPR-02420,"Reciprocating Compressor, 2 Ton 208V",Compressor,751.27,A,39,105,2026-04-25
HVAC-REF-R32-02421,"R-32, 100lb cylinder",Refrigerant,423.54,C,4,10,2026-01-11
HVAC-CU-LINE-02422,"Line Set, 1/2 in. x 50ft",Copper Tubing,91.78,A,15,40,2026-04-27
HVAC-COMP-SCROLL-02423,"Scroll Compressor, 1.5 Ton 208V",Compressor,1075.31,C,9,25,2026-02-04
HVAC-REF-R454B-02424,"R-454B, 12oz can",Refrigerant,411.15,B,24,68,2026-03-14
HVAC-CU-LINE-02425,"Line Set, 5/8 in. x 50ft",Copper Tubing,90.45,B,27,67,2026-01-31
HVAC-REF-R407C-02426,"R-407C, 12oz can",Refrigerant,202.81,C,7,15,2025-12-25
HVAC-REF-R454B-02427,"R-454B, 25lb cylinder",Refrigerant,427.63,B,17,33,2026-02-17
HVAC-CTL-PRESSU-02428,"Pressure Switch, 24V",Controls,92.08,C,9,16,2026-02-07
HVAC-MSC-SCHRAD-02429,"Schrader Valve Core, 1 in.",Miscellaneous,47.99,A,26,71,2026-03-12
HVAC-COMP-VARIAB-02430,"Variable Speed Compressor, 3 Ton 230V",Compressor,2560.23,A,39,60,2026-05-15
HVAC-COMP-ROTARY-02431,"Rotary Compressor, 3 Ton 230V",Compressor,1084.94,B,26,48,2026-03-12
HVAC-MOT-ECM-02432,"ECM Motor, 3/4 HP",Motor,198.84,C,7,11,2026-02-22
HVAC-CU-LINE-02433,"Line Set, 1/2 in. x 50ft",Copper Tubing,135.85,B,2,4,2026-03-11
HVAC-CTL-SMART-02434,"Smart Thermostat, 40A",Controls,113.98,B,22,53,2026-04-01
HVAC-COMP-VARIAB-02435,"Variable Speed Compressor, 2.5 Ton 230V",Compressor,749.89,C,6,12,2025-11-13
HVAC-REF-R410A-02436,"R-410A, 30lb tank",Refrigerant,599.9,C,6,12,2026-01-23
HVAC-REF-R410A-02437,"R-410A, 50lb jug",Refrigerant,224.22,A,45,122,2026-04-22
HVAC-CTL-PROGRA-02438,"Programmable Thermostat, Single Stage",Controls,150.24,C,2,5,2026-01-04
HVAC-CU-SOFT-02439,"Soft Copper Tubing, 1/2 in. x 50ft",Copper Tubing,177.6,B,26,77,2026-03-17
HVAC-CU-ACR-02440,"ACR Copper, 3/8 in. x 50ft",Copper Tubing,214.23,C,9,21,2026-01-26
HVAC-COMP-VARIAB-02441,"Variable Speed Compressor, 5 Ton 460V",Compressor,2480.01,B,24,36,2026-02-12
HVAC-REF-R32-02442,"R-32, 50lb jug",Refrigerant,178.87,B,16,24,2026-02-27
HVAC-COMP-VARIAB-02443,"Variable Speed Compressor, 5 Ton 460V",Compressor,1216.79,A,35,84,2026-05-15
HVAC-CTL-PRESSU-02444,"Pressure Switch, 120V",Controls,35.25,C,8,18,2026-01-23
HVAC-CTL-CAPACI-02445,"Capacitor, 45 MFD",Controls,54.66,B,14,36,2026-03-08
HVAC-COMP-VARIAB-02446,"Variable Speed Compressor, 4 Ton 460V",Compressor,2444.45,C,3,7,2025-12-28
HVAC-REF-R448A-02447,"R-448A, 25lb cylinder",Refrigerant,143.89,C,7,14,2026-01-04
HVAC-REF-R32-02448,"R-32, 50lb jug",Refrigerant,367.27,C,7,11,2026-01-11
HVAC-CTL-SMART-02449,"Smart Thermostat, 40A",Controls,42.49,C,4,9,2026-01-21
HVAC-CTL-RELAY-02450,"Relay, Two Stage",Controls,179.84,A,16,28,2026-05-11
HVAC-CU-ACR-02451,"ACR Copper, 1/2 in. x 50ft",Copper Tubing,283.02,A,35,89,2026-04-25
HVAC-CTL-SMART-02452,"Smart Thermostat, 30A",Controls,48.86,C,4,9,2025-11-02
HVAC-REF-R134A-02453,"R-134a, 30lb tank",Refrigerant,227.07,A,24,62,2026-04-30
HVAC-CTL-PRESSU-02454,"Pressure Switch, Two Stage",Controls,46.43,C,10,21,2026-01-17
HVAC-COMP-VARIAB-02455,"Variable Speed Compressor, 1.5 Ton 208V",Compressor,677.25,C,10,24,2025-12-05
HVAC-MSC-SIGHT-02456,"Sight Glass, Standard",Miscellaneous,25.68,C,11,21,2026-01-27
HVAC-REF-R410A-02457,"R-410A, 30lb tank",Refrigerant,137.64,B,20,55,2026-04-01
HVAC-CTL-DEFROS-02458,"Defrost Control Board, 45 MFD",Controls,48.67,C,10,27,2026-01-06
HVAC-CTL-DEFROS-02459,"Defrost Control Board, Two Stage",Controls,23.33,A,88,146,2026-04-18
HVAC-CU-LINE-02460,"Line Set, 3/4 in. x 50ft",Copper Tubing,60.6,B,23,43,2026-01-17
HVAC-MSC-LINE-02461,"Line Set Insulation, Heavy Duty",Miscellaneous,25.77,A,44,80,2026-05-01
HVAC-CU-ACR-02462,"ACR Copper, 1/4 in. x 50ft",Copper Tubing,118.97,C,4,7,2025-12-31
HVAC-CU-LINE-02463,"Line Set, 1-1/8 in. x 50ft",Copper Tubing,173.69,C,13,33,2025-12-29
HVAC-CTL-RELAY-02464,"Relay, 45 MFD",Controls,130.31,C,9,19,2026-01-05
HVAC-CU-HARD-02465,"Hard Copper Tubing, 1/4 in. x 50ft",Copper Tubing,192.93,C,11,16,2025-12-29
HVAC-MSC-FILTER-02466,"Filter Drier, 1/2 in.",Miscellaneous,93.62,C,7,11,2026-01-14
HVAC-CTL-RELAY-02467,"Relay, Heat Pump",Controls,34.57,A,26,53,2026-04-30
HVAC-CU-LINE-02468,"Line Set, 7/8 in. x 50ft",Copper Tubing,90.99,B,16,37,2026-03-04
HVAC-CTL-DEFROS-02469,"Defrost Control Board, 120V",Controls,33.37,C,10,19,2026-01-30
HVAC-MOT-BLOWER-02470,"Blower Motor, 1/6 HP",Motor,235.25,C,9,24,2025-12-06
HVAC-CU-LINE-02471,"Line Set, 5/8 in. x 50ft",Copper Tubing,96.72,A,30,87,2026-05-15
HVAC-CTL-SMART-02472,"Smart Thermostat, Heat Pump",Controls,187.25,B,18,41,2026-03-06
HVAC-MOT-DIRECT-02473,"Direct Drive Motor, 1/2 HP",Motor,215.25,B,21,56,2026-03-28
HVAC-REF-R404A-02474,"R-404A, 30lb tank",Refrigerant,255.96,B,18,53,2026-02-26
HVAC-REF-R22-02475,"R-22, 100lb cylinder",Refrigerant,361.2,A,38,112,2026-03-27
HVAC-CU-HARD-02476,"Hard Copper Tubing, 1-1/8 in. x 50ft",Copper Tubing,152.44,B,17,39,2026-02-26
HVAC-CU-SOFT-02477,"Soft Copper Tubing, 1/4 in. x 50ft",Copper Tubing,142.28,C,8,16,2026-02-05
HVAC-REF-R404A-02478,"R-404A, 100lb cylinder",Refrigerant,345.05,B,25,40,2026-03-16
HVAC-CU-LINE-02479,"Line Set, 3/8 in. x 50ft",Copper Tubing,130.18,A,50,122,2026-04-25
HVAC-CU-HARD-02480,"Hard Copper Tubing, 1/2 in. x 50ft",Copper Tubing,110.12,C,8,21,2025-12-14
HVAC-COMP-VARIAB-02481,"Variable Speed Compressor, 3 Ton 230V",Compressor,756.02,B,35,97,2026-04-01
HVAC-CU-ACR-02482,"ACR Copper, 3/4 in. x 50ft",Copper Tubing,61.72,C,7,13,2026-01-25
HVAC-CTL-DEFROS-02483,"Defrost Control Board, 40A",Controls,95.42,C,9,18,2026-02-24
HVAC-CU-LINE-02484,"Line Set, 7/8 in. x 50ft",Copper Tubing,92.95,C,8,16,2026-01-11
HVAC-CU-ACR-02485,"ACR Copper, 1-1/8 in. x 50ft",Copper Tubing,71.32,C,6,17,2026-01-15
HVAC-CTL-PROGRA-02486,"Programmable Thermostat, 70 MFD",Controls,51.88,A,57,145,2026-05-10
HVAC-MSC-FILTER-02487,"Filter Drier, 1/2 in.",Miscellaneous,146.49,C,10,22,2025-12-24
HVAC-MOT-DIRECT-02488,"Direct Drive Motor, 1 HP",Motor,195.17,C,7,12,2026-01-06
HVAC-REF-R454B-02489,"R-454B, 100lb cylinder",Refrigerant,352.42,C,9,16,2026-01-02
HVAC-MSC-SCHRAD-02490,"Schrader Valve Core, 1/2 in.",Miscellaneous,73.74,B,16,40,2026-04-15
HVAC-CTL-DEFROS-02491,"Defrost Control Board, 45 MFD",Controls,69.23,C,5,8,2026-01-07
HVAC-MSC-REFRIG-02492,"Refrigerant Recovery Tank, Standard",Miscellaneous,23.01,C,6,9,2026-01-20
HVAC-MSC-SCHRAD-02493,"Schrader Valve Core, 1/2 in.",Miscellaneous,112.64,C,5,8,2026-01-11
HVAC-CTL-RELAY-02494,"Relay, Heat Pump",Controls,109.83,B,16,37,2026-04-06
HVAC-REF-R410A-02495,"R-410A, 12oz can",Refrigerant,179.31,C,10,27,2025-12-29
HVAC-CTL-DEFROS-02496,"Defrost Control Board, 45 MFD",Controls,93.18,B,20,59,2026-02-13
HVAC-CU-SOFT-02497,"Soft Copper Tubing, 1/4 in. x 50ft",Copper Tubing,112.92,C,6,10,2025-12-20
HVAC-CTL-FURNAC-02498,"Furnace Control Board, Two Stage",Controls,28.56,C,14,22,2025-12-20
HVAC-CTL-RELAY-02499,"Relay, 70 MFD",Controls,49.01,B,12,29,2026-04-15
